scenario,K,tier,seed,wall_sec,drv_arrival_ia_cv2,drv_arrival_ia_mean_sec,drv_arrival_peak10_over_mean,drv_backlog_max,drv_dedicated_pax_mean,drv_dedicated_queue_mean,drv_deliv_per_floor_max,drv_deliv_per_floor_mean,drv_dispatch_queue_max,drv_ev1_pax_ge12_frac,drv_ev1_pax_max,drv_ev1_pax_mean,drv_ev1_queue_max,drv_ev1_queue_mean,drv_ev2_pax_ge12_frac,drv_ev2_pax_max,drv_ev2_pax_mean,drv_ev2_queue_max,drv_ev2_queue_mean,drv_ev3_pax_ge12_frac,drv_ev3_pax_max,drv_ev3_pax_mean,drv_ev3_queue_max,drv_ev3_queue_mean,drv_ev4_pax_ge12_frac,drv_ev4_pax_max,drv_ev4_pax_mean,drv_ev4_queue_max,drv_ev4_queue_mean,drv_evwait_down_p95_sec,drv_evwait_up_p95_sec,drv_fallback_cum_final,drv_fallback_n,drv_floor_burst10_max,drv_floor_mean,drv_n_bike,drv_n_car,drv_n_walk,drv_peds_waiting_max,drv_peds_waiting_mean,drv_rider_wait_max_sec,drv_rider_wait_mean_sec,drv_riders_in_building_max,drv_riders_in_building_mean,drv_riders_in_service_mean,drv_riders_waiting_ev_max,drv_riders_waiting_ev_mean,drv_service_time_mean_sec,drv_share_floor_le5,drv_shared_ev_ids,drv_shared_pax_ge12_frac_all,drv_shared_pax_ge12_frac_any,drv_shared_pax_mean,drv_shared_queue_mean,drv_stairs_share,drv_walked_m_mean,drv_window_used,kpi.building.capex_total_krw,kpi.building.cost_per_order_krw,kpi.building.opex_running_krw,kpi.building.opex_running_krw_delivery,kpi.building.opex_running_krw_orderspan,kpi.building.w_ev_mean_all_sec,kpi.building.w_ev_mean_riders_sec,kpi.customer.n_delivered,kpi.customer.n_orders,kpi.customer.n_sla_violations,kpi.customer.sla_violation_rate,kpi.customer.t_e2e_mean_sec,kpi.customer.t_e2e_p95_sec,kpi.elevator.EV1.capacity_violations,kpi.elevator.EV1.mean_passengers_delivery,kpi.elevator.EV1.n_alights,kpi.elevator.EV1.n_boardings,kpi.elevator.EV1.n_boardings_by_kind.pedestrian,kpi.elevator.EV1.n_boardings_by_kind.rider,kpi.elevator.EV1.shared_with_robot,kpi.elevator.EV1.utilization,kpi.elevator.EV1.utilization_delivery,kpi.elevator.EV1.utilization_orderspan,kpi.elevator.EV1.w_ev_mean_by_kind_sec.pedestrian,kpi.elevator.EV1.w_ev_mean_by_kind_sec.rider,kpi.elevator.EV1.w_ev_mean_sec,kpi.elevator.EV1.w_ev_p95_by_kind_sec.pedestrian,kpi.elevator.EV1.w_ev_p95_by_kind_sec.rider,kpi.elevator.EV1.w_ev_p95_sec,kpi.elevator.EV2.capacity_violations,kpi.elevator.EV2.mean_passengers_delivery,kpi.elevator.EV2.n_alights,kpi.elevator.EV2.n_boardings,kpi.elevator.EV2.n_boardings_by_kind.pedestrian,kpi.elevator.EV2.n_boardings_by_kind.rider,kpi.elevator.EV2.shared_with_robot,kpi.elevator.EV2.utilization,kpi.elevator.EV2.utilization_delivery,kpi.elevator.EV2.utilization_orderspan,kpi.elevator.EV2.w_ev_mean_by_kind_sec.pedestrian,kpi.elevator.EV2.w_ev_mean_by_kind_sec.rider,kpi.elevator.EV2.w_ev_mean_sec,kpi.elevator.EV2.w_ev_p95_by_kind_sec.pedestrian,kpi.elevator.EV2.w_ev_p95_by_kind_sec.rider,kpi.elevator.EV2.w_ev_p95_sec,kpi.elevator.EV3.capacity_violations,kpi.elevator.EV3.mean_passengers_delivery,kpi.elevator.EV3.n_alights,kpi.elevator.EV3.n_boardings,kpi.elevator.EV3.n_boardings_by_kind.pedestrian,kpi.elevator.EV3.n_boardings_by_kind.rider,kpi.elevator.EV3.shared_with_robot,kpi.elevator.EV3.utilization,kpi.elevator.EV3.utilization_delivery,kpi.elevator.EV3.utilization_orderspan,kpi.elevator.EV3.w_ev_mean_by_kind_sec.pedestrian,kpi.elevator.EV3.w_ev_mean_by_kind_sec.rider,kpi.elevator.EV3.w_ev_mean_sec,kpi.elevator.EV3.w_ev_p95_by_kind_sec.pedestrian,kpi.elevator.EV3.w_ev_p95_by_kind_sec.rider,kpi.elevator.EV3.w_ev_p95_sec,kpi.elevator.EV4.capacity_violations,kpi.elevator.EV4.mean_passengers_delivery,kpi.elevator.EV4.n_alights,kpi.elevator.EV4.n_boardings,kpi.elevator.EV4.n_boardings_by_kind.pedestrian,kpi.elevator.EV4.n_boardings_by_kind.rider,kpi.elevator.EV4.shared_with_robot,kpi.elevator.EV4.utilization,kpi.elevator.EV4.utilization_delivery,kpi.elevator.EV4.utilization_orderspan,kpi.elevator.EV4.w_ev_mean_by_kind_sec.pedestrian,kpi.elevator.EV4.w_ev_mean_by_kind_sec.rider,kpi.elevator.EV4.w_ev_mean_sec,kpi.elevator.EV4.w_ev_p95_by_kind_sec.pedestrian,kpi.elevator.EV4.w_ev_p95_by_kind_sec.rider,kpi.elevator.EV4.w_ev_p95_sec,kpi.pedestrian.ev_wait_mean_sec,kpi.pedestrian.n_completed,kpi.pedestrian.n_in_building_at_end,kpi.pedestrian.n_spawned,kpi.rider.ev_wait_down_mean_sec,kpi.rider.ev_wait_up_mean_sec,kpi.rider.lobby_cost_total_krw,kpi.rider.n_by_mode.elevator,kpi.rider.n_by_mode.stairs,kpi.rider.n_exited,kpi.rider.t_lobby_mean_sec,kpi.rider.t_lobby_p95_sec,kpi.simulation.clock_end_sec,kpi.simulation.clock_start_sec,kpi.simulation.delivery_window_sec,kpi.simulation.orderspan_window_sec,kpi.simulation.ped_window_sec,kpi.simulation.scenario_window,kpi.simulation.terminated_by_cap,kpi.simulation.termination_policy,kpi.simulation.termination_reason,kpi.simulation.ticks,kpi.simulation.wall_span_delivery_sec,kpi.simulation.wall_span_orderspan_sec,kpi.simulation.wall_span_sec,kpi.simulation.warmup.head_sec,kpi.simulation.warmup.lookback_sec,kpi.simulation.warmup.ped_boardings_per_min,kpi.simulation.warmup.peds_at_first_order,kpi.simulation.warmup.peds_waiting_at_first_order,kpi.simulation.warmup.util_at_first_order,kpi.simulation.warmup_sec,kpi.simulation.window_policy
K50_1,50,primary,42,0.72,1.0239,97.22,1.76,28,0.743,0.852,10,5.556,0,0.0,4,0.736,5,0.86,0.0,6,0.75,7,0.844,0.0,6,0.767,6,0.889,0.0,5,0.712,5,0.885,69.6,57.599999999999994,5,5,4,6.48,45,5,0,13,3.026,0.0,0.0,9,2.247,1.102,5,0.452,126.0,0.3,EV3|EV4,0.0,0.0,0.74,0.887,0.1,44.44,delivery,0.0,589.6,29479.4,29479.4,29366.1,23.11023622047244,28.7,50,50,0,0.0,1594.86,2304.2,0,0.735746764603008,226,228,205,23,False,0.844571066793289,0.8490731024833857,0.8476879632897988,22.44878048780488,27.391304347826086,22.94736842105263,62.79999999999998,66.1,63.64999999999998,0,0.7506121021336132,230,230,208,22,False,0.824628046850269,0.8462749213011542,0.8448641016590187,20.865384615384617,27.09090909090909,21.46086956521739,56.0,57.75,56.54999999999998,0,0.7667016439314446,215,216,192,24,True,0.7841088952200064,0.8083245890171389,0.8065654782915637,24.421875,24.875,24.47222222222222,65.44999999999999,62.0,65.25,0,0.7123119972018188,214,215,194,21,True,0.8095916429249762,0.832109129066107,0.8305683021531945,22.324742268041238,36.19047619047619,23.67906976744186,60.69999999999999,70.0,62.29999999999998,22.408575031525853,793,15,808,31.866666666666667,25.533333333333335,29479.4,45,5,50,256.96,344.55,47125.0,40807.0,"[41407.0, 47125.0]","[41407.0, 47073.0]","[40807.0, 51979.0]",True,False,delivery_complete,delivery_complete,6318,5718.0,5666.0,6318.0,600.0,300.0,6.2,7,3,0.5966666666666667,600.0,delivery
K50_1,50,primary,7,0.93,1.0239,97.22,1.76,28,0.712,0.754,9,5.556,0,0.0,5,0.77,6,0.884,0.0,4,0.654,4,0.624,0.0,4,0.651,4,0.736,0.0,7,0.696,7,0.812,63.5,53.25,5,5,3,6.18,45,5,0,11,2.654,0.0,0.0,9,2.152,1.095,5,0.403,126.0,0.42,EV3|EV4,0.0,0.0,0.674,0.774,0.08,43.04,delivery,0.0,567.1,28356.1,28356.1,28176.1,21.461988304093566,25.184782608695652,50,50,0,0.0,1586.86,2314.0499999999997,0,0.7701668984700973,227,228,197,31,False,0.8054156171284634,0.8139777468706537,0.8139329805996472,23.482233502538072,26.451612903225808,23.885964912280702,66.19999999999999,57.0,65.64999999999998,0,0.6535118219749653,203,203,188,15,False,0.7591309823677582,0.7788595271210014,0.7790123456790123,18.71808510638298,19.333333333333332,18.763546798029555,54.650000000000006,42.899999999999984,53.89999999999998,0,0.6514255910987483,209,209,184,25,True,0.7766057934508817,0.8158901251738526,0.8132275132275132,19.36413043478261,27.72,20.363636363636363,49.849999999999994,52.39999999999999,50.599999999999994,0,0.6955841446453408,215,215,194,21,True,0.7651133501259446,0.7958970792767733,0.7948853615520283,22.29381443298969,24.476190476190474,22.506976744186048,55.0,64.0,55.89999999999995,21.03543307086614,762,6,768,32.02173913043478,18.347826086956523,28356.1,46,4,50,247.56,313.4,47159.0,40807.0,"[41407.0, 47159.0]","[41407.0, 47077.0]","[40807.0, 51979.0]",True,False,delivery_complete,delivery_complete,6352,5752.0,5670.0,6352.0,600.0,300.0,5.6,8,3,0.5683333333333334,600.0,delivery
K50_1,50,primary,2026,0.99,1.0219,97.22,1.76,28,0.657,0.703,7,5.556,0,0.0,6,0.678,6,0.738,0.0,4,0.637,4,0.668,0.0,4,0.69,5,0.858,0.0,6,0.676,5,0.768,72.0,62.0,4,4,3,6.14,46,4,0,11,2.656,0.0,0.0,8,2.109,1.074,4,0.377,124.8,0.42,EV3|EV4,0.0,0.0,0.683,0.813,0.18,43.84,delivery,0.0,560.2,28010.6,28010.6,27803.9,21.497062279670974,26.682926829268293,50,50,0,0.0,1586.64,2329.0,0,0.6781411359724613,216,216,192,24,False,0.7722308892355694,0.7738382099827883,0.7701189643107068,21.317708333333332,18.125,20.962962962962962,65.0,48.49999999999998,65.0,0,0.6366609294320138,203,205,188,17,False,0.7510140405616225,0.7595524956970741,0.7555983205038489,19.48936170212766,24.294117647058822,19.88780487804878,56.650000000000006,48.999999999999986,56.79999999999998,0,0.6896729776247849,214,217,195,22,True,0.7628705148205929,0.7965576592082616,0.7932120363890833,22.635897435897437,28.818181818181817,23.262672811059907,68.59999999999997,67.39999999999999,68.39999999999998,0,0.6755593803786575,213,213,194,19,True,0.7828393135725429,0.8010327022375215,0.7979356193142058,20.283505154639176,37.1578947368421,21.788732394366196,59.74999999999997,82.99999999999997,63.39999999999998,20.818897637795274,762,13,775,28.73170731707317,24.634146341463413,28010.6,41,9,50,245.08,344.4,47217.0,40807.0,"[41407.0, 47217.0]","[41407.0, 47123.0]","[40807.0, 51979.0]",True,False,delivery_complete,delivery_complete,6410,5810.0,5716.0,6410.0,600.0,300.0,6.4,13,4,0.6075,600.0,delivery
K50_2,50,primary,42,1.0,1.2508,98.02,1.8,24,0.754,0.852,10,5.556,0,0.0,4,0.734,5,0.845,0.0,4,0.775,5,0.858,0.0,7,0.728,6,0.796,0.0,5,0.805,6,0.926,51.19999999999999,51.999999999999986,8,8,4,6.48,42,7,1,11,3.087,0.0,0.0,8,2.046,1.065,3,0.339,128.4,0.3,EV3|EV4,0.0,0.0,0.766,0.861,0.1,44.36,delivery,0.0,570.0,28498.2,28498.2,28433.8,22.75581395348837,22.677777777777777,50,50,0,0.0,1607.46,2531.7999999999997,0,0.7338642774182844,239,239,223,16,False,0.8699260600573412,0.8767214202754272,0.8761047190261797,22.95964125560538,19.4375,22.723849372384937,60.799999999999955,53.25,59.19999999999999,0,0.775012444001991,238,238,209,29,False,0.8171118153010412,0.8369006139040982,0.8360847090211773,21.928229665071772,24.310344827586206,22.218487394957982,59.0,50.59999999999999,59.0,0,0.7272274763563962,225,226,207,19,True,0.8149992455107892,0.8410486145677784,0.840253460063365,22.806763285024154,16.842105263157894,22.305309734513273,62.69999999999999,44.099999999999994,61.5,0,0.805043968807035,242,243,217,26,True,0.8287309491474272,0.8519993363198938,0.8512589628147407,23.327188940092167,27.115384615384617,23.732510288065843,63.0,51.75,61.499999999999886,22.684272300469484,852,7,859,24.08888888888889,21.266666666666666,28498.2,45,5,50,246.64,309.65,47453.0,40826.0,"[41426.0, 47453.0]","[41426.0, 47423.0]","[40826.0, 52115.0]",True,False,delivery_complete,delivery_complete,6627,6027.0,5997.0,6627.0,600.0,300.0,6.2,7,3,0.5966666666666667,600.0,delivery
K50_2,50,primary,7,0.74,1.0828,98.02,1.98,24,0.72,0.777,9,5.556,0,0.0,4,0.756,5,0.812,0.0,5,0.685,6,0.741,0.0,4,0.655,4,0.725,0.0,4,0.711,5,0.723,60.25,52.25,7,7,3,6.18,43,7,0,12,2.642,0.0,0.0,7,2.016,1.049,4,0.359,128.4,0.42,EV3|EV4,0.0,0.0,0.683,0.724,0.08,43.48,delivery,0.0,570.8,28539.4,28539.4,28348.3,20.943169398907102,23.902173913043477,50,50,0,0.0,1595.88,2567.4999999999995,0,0.7562530652280529,242,242,223,19,False,0.8027393181479827,0.8105280366192578,0.809452736318408,21.982062780269057,21.473684210526315,21.94214876033058,60.799999999999955,43.49999999999994,60.89999999999998,0,0.6843223802517574,220,221,197,24,False,0.7740062527914248,0.7940166748406081,0.7910447761194029,20.95939086294416,26.0,21.506787330316744,64.0,51.699999999999996,61.0,0,0.6552231486022561,219,220,202,18,True,0.7491439630787554,0.7833905509236554,0.7802653399668324,20.287128712871286,22.88888888888889,20.5,57.94999999999999,59.649999999999984,58.04999999999998,0,0.7111329082883766,232,232,201,31,True,0.7911269912163168,0.8226254700016348,0.8200663349917081,19.079601990049753,24.35483870967742,19.78448275862069,55.0,59.0,55.44999999999999,20.535365853658536,820,9,829,29.32608695652174,18.47826086956522,28539.4,46,4,50,246.64,308.15,47543.0,40826.0,"[41426.0, 47543.0]","[41426.0, 47456.0]","[40826.0, 52115.0]",True,False,delivery_complete,delivery_complete,6717,6117.0,6030.0,6717.0,600.0,300.0,5.6,8,3,0.5683333333333334,600.0,delivery
K50_2,50,primary,2026,0.78,1.0769,98.02,1.98,24,0.658,0.792,7,5.556,0,0.0,4,0.666,4,0.858,0.0,4,0.651,5,0.727,0.0,4,0.673,6,0.788,0.0,6,0.705,4,0.798,58.0,63.0,7,7,4,6.14,43,7,0,10,2.879,0.0,0.0,7,1.976,1.051,3,0.292,128.4,0.42,EV3|EV4,0.0,0.0,0.689,0.793,0.18,44.2,delivery,0.0,558.7,27936.7,27936.7,27770.0,22.60762331838565,21.78048780487805,50,50,0,0.0,1595.24,2545.7499999999995,0,0.6662301522344083,224,224,207,17,False,0.8087643464003578,0.8138811589458177,0.8120338140228742,24.10144927536232,30.529411764705884,24.589285714285715,63.69999999999999,65.19999999999999,64.0,0,0.6503519397610084,212,212,187,25,False,0.7704575942763452,0.7804878048780488,0.7840212166418035,22.529411764705884,18.32,22.03301886792453,58.0,48.39999999999998,58.0,0,0.6734326403666722,229,229,214,15,True,0.7592785810105828,0.7909641512522507,0.7933034974307973,21.64018691588785,18.466666666666665,21.43231441048035,58.74999999999997,46.29999999999999,57.0,0,0.7042069078408905,227,227,202,25,True,0.7670293635415114,0.7827795056474055,0.7800430963036632,22.50990099009901,21.28,22.374449339207047,65.94999999999999,55.99999999999997,65.0,22.637376237623762,808,4,812,25.75609756097561,17.804878048780488,27936.7,41,9,50,241.52,307.15,47535.0,40826.0,"[41426.0, 47535.0]","[41426.0, 47459.0]","[40826.0, 52115.0]",True,False,delivery_complete,delivery_complete,6709,6109.0,6033.0,6709.0,600.0,300.0,6.4,13,4,0.6075,600.0,delivery
K100_1,100,primary,42,1.71,2.4061,56.73,1.9,51,0.854,1.027,17,11.111,0,0.0,7,0.814,7,1.0,0.0,5,0.894,6,1.053,0.0,7,0.806,10,0.999,0.0,4,0.765,4,0.904,69.69999999999999,58.24999999999997,5,5,6,6.26,95,5,0,13,3.23,0.0,0.0,12,3.883,1.932,6,0.727,123.0,0.36,EV3|EV4,0.0,0.0,0.785,0.952,0.16,43.04,delivery,0.0,557.7,55768.3,55768.3,55550.6,24.67488151658768,27.535714285714285,100,100,0,0.0,1664.53,2508.75,0,0.8144540455616653,274,274,224,50,False,0.8834170854271357,0.8911233307148468,0.8935525055857007,23.651785714285715,28.12,24.467153284671532,65.69999999999999,55.099999999999994,63.349999999999966,0,0.8945797329143755,275,276,229,47,False,0.8611629576453697,0.8840534171249018,0.8833386530481966,23.842794759825328,28.829787234042552,24.692028985507246,67.59999999999997,61.09999999999999,64.25,0,0.8053417124901807,253,253,218,35,True,0.8278535534816942,0.8537313432835821,0.8573252473667411,25.81651376146789,27.82857142857143,26.09486166007905,72.0,70.69999999999997,72.0,0,0.7646504320502749,251,252,216,36,True,0.8354630294328786,0.8581304006284368,0.8558889243536546,23.24074074074074,24.75,23.456349206349206,69.25,73.0,70.89999999999998,24.105084745762714,885,5,890,31.80952380952381,23.261904761904763,55768.3,84,16,100,247.19,314.0,47765.0,40800.0,"[41400.0, 47765.0]","[41400.0, 47666.0]","[40800.0, 52100.0]",True,False,delivery_complete,delivery_complete,6965,6365.0,6266.0,6965.0,600.0,300.0,6.2,7,3,0.5966666666666667,600.0,delivery
K100_1,100,primary,7,1.7,2.3617,56.73,1.9,52,0.787,0.979,17,11.111,0,0.0,5,0.797,6,0.976,0.0,5,0.777,5,0.982,0.0,5,0.782,5,0.946,0.0,5,0.828,6,1.069,62.0,62.79999999999998,6,6,5,5.93,94,6,0,13,3.272,0.0,0.0,11,3.854,1.949,6,0.701,123.6,0.46,EV3|EV4,0.0,0.0,0.805,1.008,0.11,43.8,delivery,0.0,553.1,55308.9,55308.9,55166.7,25.037644787644787,24.97752808988764,100,100,0,0.0,1664.43,2516.35,0,0.7967197602901751,254,256,217,39,False,0.8340296787206455,0.8445040214477212,0.84289356277884,24.82488479262673,27.615384615384617,25.25,68.59999999999997,64.30000000000001,67.25,0,0.7766913736003785,265,265,220,45,False,0.8227921048840224,0.8467118750985649,0.8451242829827916,24.945454545454545,20.266666666666666,24.150943396226417,65.09999999999997,56.39999999999998,62.599999999999966,0,0.7822110077274878,257,257,202,55,True,0.820919175911252,0.8607475161646428,0.8604206500956023,24.326732673267326,21.87272727272727,23.801556420233464,65.94999999999999,65.29999999999997,66.19999999999999,0,0.8277874152341902,258,258,219,39,True,0.8410891802333957,0.8762024917205488,0.875717017208413,26.04566210045662,32.15384615384615,26.968992248062015,63.0,62.000000000000014,63.0,24.83859649122807,855,8,863,28.325842696629213,21.629213483146067,55308.9,89,11,100,244.44,309.2,47741.0,40800.0,"[41400.0, 47741.0]","[41400.0, 47676.0]","[40800.0, 52100.0]",True,False,delivery_complete,delivery_complete,6941,6341.0,6276.0,6941.0,600.0,300.0,5.6,8,3,0.5683333333333334,600.0,delivery
K100_1,100,primary,2026,1.64,2.3727,56.73,1.9,51,0.784,0.996,14,11.111,0,0.0,6,0.837,7,0.994,0.0,5,0.731,5,0.999,0.0,4,0.719,6,0.806,0.0,6,0.79,5,0.871,81.55000000000003,61.95,5,5,6,5.99,95,5,0,13,2.972,0.0,0.0,11,3.88,1.943,5,0.698,123.0,0.44,EV3|EV4,0.0,0.0,0.755,0.838,0.18,43.08,delivery,0.0,554.3,55425.6,55425.6,55336.7,24.086258776328986,26.932926829268293,100,100,0,0.0,1664.35,2500.8,0,0.8373893805309734,260,261,217,44,False,0.8309757505773672,0.8380214917825537,0.8390329250835057,24.571428571428573,27.84090909090909,25.122605363984675,70.39999999999998,98.40000000000003,72.0,0,0.7311946902654868,244,245,206,39,False,0.7992205542725174,0.8116308470290771,0.8104024176872913,25.558252427184467,32.76923076923077,26.706122448979592,69.5,82.1,72.79999999999998,0,0.7195006321112516,235,237,197,40,True,0.7745381062355658,0.8065739570164349,0.805312549705742,20.781725888324875,27.625,21.936708860759495,64.0,61.05,62.39999999999998,0,0.7891908975979772,253,254,213,41,True,0.7915704387990762,0.809102402022756,0.8097661841895976,23.03286384976526,19.73170731707317,22.5,68.0,44.0,66.04999999999998,23.584541062801932,828,6,834,31.085365853658537,22.78048780487805,55425.6,82,18,100,245.55,327.1,47728.0,40800.0,"[41400.0, 47728.0]","[41400.0, 47687.0]","[40800.0, 52100.0]",True,False,delivery_complete,delivery_complete,6928,6328.0,6287.0,6928.0,600.0,300.0,6.4,13,4,0.6075,600.0,delivery
K100_2,100,primary,42,1.02,2.8284,57.76,1.9,48,0.825,1.054,17,11.111,0,0.0,5,0.833,6,1.085,0.0,7,0.818,9,1.023,0.0,6,0.818,5,1.06,0.0,5,0.825,6,0.984,70.85,73.69999999999999,5,5,4,6.26,95,5,0,15,3.396,0.0,0.0,12,3.801,1.847,7,0.755,123.0,0.36,EV3|EV4,0.0,0.0,0.822,1.022,0.16,43.14,delivery,0.0,570.7,57072.2,57072.2,56992.2,26.044871794871796,29.922619047619047,100,100,0,0.0,1603.15,2458.3499999999995,0,0.833108006609584,284,285,239,46,False,0.8765330026181618,0.8832807570977917,0.8826283987915408,25.661087866108787,29.804347826086957,26.32982456140351,65.1,71.75,69.0,0,0.8177857893946222,270,271,237,34,False,0.8262367369436406,0.8449752140603876,0.8441087613293051,24.658227848101266,31.352941176470587,25.498154981549817,67.59999999999997,72.44999999999999,70.0,0,0.8180862250262881,265,265,219,46,True,0.8416701116163704,0.8676581042511642,0.8681268882175227,26.91780821917808,30.195652173913043,27.486792452830187,67.0,72.25,67.0,0,0.8252966801862701,270,271,229,42,True,0.8331266363511093,0.8545891542736969,0.8537764350453172,24.200873362445414,28.595238095238095,24.881918819188193,70.39999999999998,68.29999999999994,70.5,25.367791077257888,919,10,929,32.857142857142854,26.988095238095237,57072.2,84,16,100,253.08,318.29999999999995,48131.0,40874.0,"[41474.0, 48131.0]","[41474.0, 48094.0]","[40874.0, 52185.0]",True,False,delivery_complete,delivery_complete,7257,6657.0,6620.0,7257.0,600.0,300.0,6.2,7,3,0.5966666666666667,600.0,delivery
K100_2,100,primary,7,1.78,2.7657,57.76,1.8,47,0.836,1.015,17,11.111,0,0.0,7,0.842,8,1.018,0.0,5,0.831,6,1.012,0.0,4,0.728,5,0.872,0.0,5,0.775,6,0.847,73.79999999999998,53.79999999999998,4,4,4,5.93,96,4,0,12,3.073,0.0,0.0,12,3.683,1.833,7,0.676,122.4,0.46,EV3|EV4,0.0,0.0,0.751,0.86,0.11,44.04,delivery,0.0,553.7,55373.9,55373.9,55271.7,23.919369786839667,25.359550561797754,100,100,0,0.0,1594.66,2480.1499999999996,0,0.8419712402636309,289,290,242,48,False,0.8416712479384277,0.8523067705212702,0.853220696937698,24.1900826446281,25.979166666666668,24.486206896551725,65.94999999999999,72.54999999999998,66.55000000000001,0,0.8304373876572798,277,277,241,36,False,0.8372732270478285,0.8612941881366087,0.8619701312415146,25.08298755186722,24.916666666666668,25.061371841155236,73.0,54.75,69.19999999999999,0,0.7276812462552427,246,247,208,39,True,0.7772127542605828,0.811114439784302,0.8161110273042691,22.91826923076923,30.025641025641026,24.040485829959515,58.64999999999998,73.20000000000002,61.0,0,0.7748651887357699,265,265,210,55,True,0.7762506871907642,0.8037747153984421,0.8047971036355408,22.042857142857144,21.8,21.99245283018868,63.0,64.19999999999999,63.0,23.658509454949943,899,8,907,30.0561797752809,20.662921348314608,55373.9,89,11,100,245.91,329.4,48150.0,40874.0,"[41474.0, 48150.0]","[41474.0, 48103.0]","[40874.0, 52185.0]",True,False,delivery_complete,delivery_complete,7276,6676.0,6629.0,7276.0,600.0,300.0,5.6,8,3,0.5683333333333334,600.0,delivery
K100_2,100,primary,2026,0.97,2.6898,57.76,1.9,47,0.742,0.917,14,11.111,0,0.0,5,0.739,6,0.883,0.0,5,0.746,6,0.952,0.0,6,0.744,6,0.846,0.0,6,0.786,6,0.959,73.9,78.70000000000002,4,4,5,5.99,96,4,0,14,2.983,0.0,0.0,12,3.705,1.854,7,0.657,122.4,0.44,EV3|EV4,0.0,0.0,0.765,0.903,0.18,43.32,delivery,0.0,550.3,55032.2,55032.2,54941.1,24.334970530451866,26.463414634146343,100,100,0,0.0,1598.22,2436.8499999999995,0,0.7391304347826086,247,249,207,42,False,0.7803082905152062,0.7824572034540221,0.781064186613813,24.17874396135266,25.785714285714285,24.449799196787147,74.69999999999999,72.64999999999998,74.6,0,0.7456445993031359,254,255,210,45,False,0.7776697680877656,0.7876079381911831,0.7903643848147583,25.866666666666667,24.044444444444444,25.545098039215688,74.54999999999998,77.99999999999999,75.0,0,0.7444326617179216,247,247,208,39,True,0.751145674211915,0.7797303438872898,0.7841134319255985,22.697115384615383,24.58974358974359,22.995951417004047,67.59999999999991,69.30000000000001,69.0,0,0.7851840630207544,265,267,229,38,True,0.7983613387029579,0.815785487047417,0.8146058850434518,23.034934497816593,32.0,24.310861423220974,64.6,86.3,69.09999999999997,23.97997644287397,849,12,861,30.329268292682926,22.597560975609756,55032.2,82,18,100,244.61,324.25,48075.0,40874.0,"[41474.0, 48075.0]","[41474.0, 48033.0]","[40874.0, 52185.0]",True,False,delivery_complete,delivery_complete,7201,6601.0,6559.0,7201.0,600.0,300.0,6.4,13,4,0.6075,600.0,delivery
K100_3,100,primary,42,0.85,0.8587,44.78,1.76,43,0.876,1.17,17,11.111,0,0.0,5,0.854,5,1.131,0.0,6,0.897,6,1.21,0.0,5,0.867,5,1.068,0.0,6,0.851,6,1.061,80.0,62.849999999999994,3,3,6,6.26,97,3,0,14,3.481,0.0,0.0,12,4.744,2.272,5,0.989,121.8,0.36,EV3|EV4,0.0,0.0,0.859,1.064,0.16,43.28,delivery,0.0,777.3,77727.2,77727.2,77540.8,27.094874591057795,31.571428571428573,100,100,0,0.0,1308.74,2058.45,0,0.8541316918485358,239,239,191,48,False,0.9213219258513672,0.9347136728222346,0.9363380281690141,26.230366492146597,28.979166666666668,26.782426778242677,68.0,68.3,68.1,0,0.8974072001492259,231,231,186,45,False,0.8621036738802215,0.889386308524529,0.8886384976525822,27.688172043010752,32.08888888888889,28.545454545454547,73.75,76.8,75.5,0,0.8662562954672636,226,227,185,42,True,0.8436503942291562,0.8761425107256109,0.875868544600939,25.302702702702703,30.571428571428573,26.277533039647576,67.59999999999997,75.54999999999995,68.0,0,0.8515202387614251,219,220,187,33,True,0.8407985237376279,0.8683081514642791,0.867981220657277,25.13903743315508,35.90909090909091,26.754545454545454,69.69999999999999,77.0,75.0,26.136729222520106,746,6,752,38.845238095238095,24.297619047619047,77727.2,84,16,100,254.38,334.0,46789.0,40828.0,"[41428.0, 46789.0]","[41428.0, 46753.0]","[40828.0, 52113.0]",True,False,delivery_complete,delivery_complete,5961,5361.0,5325.0,5961.0,600.0,300.0,6.2,7,3,0.5966666666666667,600.0,delivery
K100_3,100,primary,7,1.12,0.8806,44.78,1.76,44,0.816,1.039,17,11.111,0,0.0,4,0.833,5,1.037,0.0,5,0.798,6,1.041,0.0,5,0.805,5,1.061,0.0,7,0.774,6,0.981,61.599999999999994,63.599999999999994,2,2,6,5.93,98,2,0,13,3.242,0.0,0.0,11,4.559,2.249,5,0.878,121.2,0.46,EV3|EV4,0.0,0.0,0.79,1.021,0.11,43.94,delivery,0.0,750.6,75059.7,75059.7,74968.1,25.778275475923852,26.578651685393258,100,100,0,0.0,1306.47,1942.3999999999996,0,0.8329311304993503,231,231,193,38,False,0.8799064640053449,0.8973454612957119,0.8973114264376401,25.89119170984456,24.736842105263158,25.7012987012987,66.0,65.15,66.0,0,0.7980322999814368,229,229,172,57,False,0.8359779522298313,0.8656023760905884,0.864824495892457,24.040697674418606,29.12280701754386,25.305676855895197,59.89999999999998,61.59999999999999,61.0,0,0.8056432151475775,221,221,173,48,True,0.8329714381159178,0.8811954705773157,0.883495145631068,26.491329479768787,25.916666666666668,26.36651583710407,67.0,61.949999999999996,67.0,0,0.773900129942454,210,212,177,35,True,0.813095039251712,0.8513087061444218,0.8504480955937267,25.84180790960452,25.34285714285714,25.75943396226415,60.0,56.19999999999999,59.44999999999999,25.50210378681627,713,9,722,29.764044943820224,23.39325842696629,75059.7,89,11,100,245.65,309.25,46815.0,40828.0,"[41428.0, 46815.0]","[41428.0, 46784.0]","[40828.0, 52113.0]",True,False,delivery_complete,delivery_complete,5987,5387.0,5356.0,5987.0,600.0,300.0,5.6,8,3,0.5683333333333334,600.0,delivery
K100_3,100,primary,2026,0.8,0.861,44.78,1.76,43,0.827,1.018,14,11.111,0,0.0,6,0.874,6,1.053,0.0,6,0.779,6,0.984,0.0,4,0.711,4,0.887,0.0,6,0.772,6,0.896,62.0,64.9,2,2,5,5.99,98,2,0,12,2.959,0.0,0.0,11,4.57,2.253,5,0.861,121.2,0.44,EV3|EV4,0.0,0.0,0.741,0.891,0.18,43.32,delivery,0.0,751.2,75117.8,75117.8,74980.3,24.293714285714287,28.23170731707317,100,100,0,0.0,1306.61,1979.9999999999995,0,0.8741401747536717,233,234,200,34,False,0.8457936109717344,0.8557352667782115,0.8565535345959122,25.375,24.470588235294116,25.243589743589745,71.2999999999999,56.349999999999994,68.39999999999998,0,0.7791411042944786,226,227,176,51,False,0.8208730556949323,0.8378880832868563,0.8364897806112882,23.267045454545453,26.823529411764707,24.066079295154186,67.0,64.5,66.69999999999999,0,0.7109128090723182,204,204,160,44,True,0.7758822545576183,0.8137200223089793,0.8196137258578661,22.16875,29.863636363636363,23.82843137254902,65.04999999999998,60.7,63.849999999999994,0,0.7709611451942741,210,210,175,35,True,0.7909349389530022,0.8114891243725599,0.8145509094318395,22.34285714285714,31.885714285714286,23.933333333333334,58.29999999999998,67.29999999999997,63.099999999999966,23.440056417489423,709,9,718,30.658536585365855,25.804878048780488,75117.8,82,18,100,245.84,327.15,46807.0,40828.0,"[41428.0, 46807.0]","[41428.0, 46761.0]","[40828.0, 52113.0]",True,False,delivery_complete,delivery_complete,5979,5379.0,5333.0,5979.0,600.0,300.0,6.4,13,4,0.6075,600.0,delivery
K100_4,100,primary,42,0.96,2.2916,54.91,2.6,52,0.871,1.136,17,11.111,0,0.0,6,0.909,6,1.113,0.0,5,0.832,6,1.159,0.0,4,0.823,5,1.134,0.0,5,0.762,6,1.024,68.85,73.85,6,6,4,6.26,94,6,0,14,3.666,0.0,0.0,15,4.033,1.989,7,0.764,123.6,0.36,EV3|EV4,0.0,0.0,0.793,1.079,0.16,43.26,delivery,0.0,765.7,76569.2,76569.2,76434.7,27.456479690522244,28.267857142857142,100,100,0,0.0,1346.44,2151.7999999999997,0,0.9092225977788508,279,279,225,54,False,0.8819903126376046,0.8897473040399163,0.8962386511024644,26.782222222222224,22.666666666666668,25.985663082437277,70.79999999999998,74.04999999999998,72.09999999999997,0,0.832609045549654,266,266,226,40,False,0.8470570967268457,0.8691453404152584,0.8714332036316472,26.606194690265486,32.075,27.428571428571427,72.0,70.29999999999998,72.0,0,0.8226299694189603,252,252,213,39,True,0.8571847937766035,0.8865282472235635,0.8871595330739299,29.253521126760564,27.076923076923077,28.916666666666668,76.39999999999998,73.1,75.44999999999999,0,0.7625945597939804,237,237,202,35,True,0.8171143402319095,0.8385643006599066,0.8441958495460441,26.58910891089109,33.885714285714286,27.666666666666668,67.79999999999995,69.19999999999999,68.39999999999998,27.29907621247113,866,3,869,30.714285714285715,25.821428571428573,76569.2,84,16,100,250.59,315.2,47630.0,40817.0,"[41417.0, 47630.0]","[41417.0, 47585.0]","[40817.0, 52183.0]",True,False,delivery_complete,delivery_complete,6813,6213.0,6168.0,6813.0,600.0,300.0,6.2,7,3,0.5966666666666667,600.0,delivery
K100_4,100,primary,7,1.54,2.2563,54.91,2.6,52,0.82,1.048,17,11.111,0,0.0,8,0.816,9,0.999,0.0,5,0.823,6,1.098,0.0,4,0.78,5,1.003,0.0,6,0.816,6,0.907,60.599999999999994,66.39999999999998,5,5,7,5.93,95,5,0,14,3.263,0.0,0.0,14,3.953,1.96,6,0.744,123.0,0.46,EV3|EV4,0.0,0.0,0.798,0.955,0.11,43.98,delivery,0.0,757.9,75786.9,75786.9,75603.6,25.08373904576436,26.224719101123597,100,100,0,0.0,1343.38,2155.7499999999995,0,0.8159069174370418,266,267,228,39,False,0.8380855397148677,0.8490596110934013,0.8475776597456945,24.346491228070175,24.28205128205128,24.337078651685392,62.249999999999886,55.2,59.0,0,0.8230793751992349,259,261,207,54,False,0.8549607215594995,0.8822123047497609,0.8810558506357637,26.198067632850243,30.555555555555557,27.09961685823755,75.39999999999998,76.19999999999993,76.0,0,0.779725852725534,246,247,211,36,True,0.8105906313645621,0.8498565508447561,0.8483824239497827,26.312796208530806,22.583333333333332,25.76923076923077,61.5,56.0,61.0,0,0.8154287535862289,252,252,203,49,True,0.8068082630200757,0.8390181702263309,0.8374376307741832,22.497536945812808,25.6734693877551,23.115079365079364,60.799999999999955,75.99999999999986,61.0,24.775147928994084,845,12,857,29.49438202247191,22.95505617977528,75786.9,89,11,100,248.03,311.54999999999995,47691.0,40817.0,"[41417.0, 47691.0]","[41417.0, 47630.0]","[40817.0, 52183.0]",True,False,delivery_complete,delivery_complete,6874,6274.0,6213.0,6874.0,600.0,300.0,5.6,8,3,0.5683333333333334,600.0,delivery
K100_4,100,primary,2026,1.51,1.824,54.91,2.5,52,0.741,0.874,14,11.111,0,0.0,5,0.734,5,0.858,0.0,5,0.748,6,0.89,0.0,4,0.768,6,0.914,0.0,5,0.747,7,0.853,68.70000000000002,64.95,5,5,6,5.99,95,5,0,12,2.806,0.0,0.0,13,3.932,1.985,7,0.709,123.0,0.44,EV3|EV4,0.0,0.0,0.758,0.883,0.18,43.1,delivery,0.0,744.5,74454.7,74454.7,74222.5,22.972477064220183,26.804878048780488,100,100,0,0.0,1342.18,2130.2499999999995,0,0.7343447385409941,241,242,189,53,False,0.8016480282519128,0.8060038734667527,0.8114714029656184,21.947089947089946,26.735849056603772,22.99586776859504,58.0,66.0,61.89999999999998,0,0.7475790832795352,254,254,207,47,False,0.8512360211889347,0.8689477081988379,0.8707837705719407,21.85990338164251,25.829787234042552,22.594488188976378,61.69999999999999,62.79999999999998,62.349999999999994,0,0.7679147837314396,249,249,215,34,True,0.8176868746321365,0.85458360232408,0.8582369235782956,21.91627906976744,30.88235294117647,23.140562248995984,67.59999999999997,67.1,68.19999999999999,0,0.7467721110393802,236,236,206,30,True,0.7779576221306651,0.7945448676565526,0.7925696594427245,23.08252427184466,23.833333333333332,23.177966101694917,65.0,60.29999999999998,65.0,22.21936274509804,816,5,821,29.865853658536587,23.74390243902439,74454.7,82,18,100,243.67,313.25,47613.0,40817.0,"[41417.0, 47613.0]","[41417.0, 47554.0]","[40817.0, 52183.0]",True,False,delivery_complete,delivery_complete,6796,6196.0,6137.0,6796.0,600.0,300.0,6.4,13,4,0.6075,600.0,delivery
K100_5,100,primary,42,1.39,1.3832,51.24,1.8,45,0.84,1.167,17,11.111,0,0.0,8,0.896,8,1.224,0.0,4,0.783,5,1.11,0.0,5,0.858,6,1.163,0.0,6,0.877,8,1.075,82.0,66.39999999999998,0,0,6,6.26,100,0,0,13,3.649,0.0,0.0,14,4.32,2.059,6,0.921,120.0,0.36,EV3|EV4,0.0,0.0,0.867,1.119,0.16,42.98,delivery,0.0,769.5,76951.1,76951.1,76810.6,27.808121827411167,31.970238095238095,100,100,0,0.0,1371.61,2186.2999999999997,0,0.8965339739190117,253,254,210,44,False,0.8886123210952085,0.8975634866163349,0.8967306694343539,28.961904761904762,30.59090909090909,29.244094488188978,64.0,69.7,65.69999999999999,0,0.7831159917638985,243,243,203,40,False,0.862321095208463,0.8874399450926561,0.8865248226950354,26.073891625615765,29.975,26.71604938271605,62.89999999999998,72.29999999999998,65.89999999999998,0,0.8572409059711736,241,241,201,40,True,0.85718730553827,0.8884694577899794,0.8880816467739145,28.119402985074625,34.125,29.116182572614107,68.0,82.0,69.0,0,0.8774879890185312,247,247,203,44,True,0.8475420037336652,0.873541523678792,0.8725134059851237,24.59605911330049,33.20454545454545,26.129554655870447,66.79999999999995,78.4,70.79999999999995,26.95098039215686,816,9,825,38.583333333333336,25.357142857142858,76951.1,84,16,100,251.84,330.34999999999997,47274.0,40846.0,"[41446.0, 47274.0]","[41446.0, 47227.0]","[40846.0, 52184.0]",True,False,delivery_complete,delivery_complete,6428,5828.0,5781.0,6428.0,600.0,300.0,6.2,7,3,0.5966666666666667,600.0,delivery
K100_5,100,primary,7,0.89,1.3832,51.24,1.8,45,0.811,1.009,17,11.111,0,0.0,4,0.766,6,0.921,0.0,5,0.855,7,1.096,0.0,5,0.795,5,0.876,0.0,5,0.749,5,0.817,73.6,55.19999999999999,0,0,5,5.93,100,0,0,12,2.972,0.0,0.0,13,4.117,2.06,5,0.738,120.0,0.46,EV3|EV4,0.0,0.0,0.772,0.846,0.11,43.74,delivery,0.0,733.0,73296.7,73296.7,73159.2,23.619348054679286,24.146067415730336,100,100,0,0.0,1367.42,2200.1,0,0.7661802575107296,233,233,190,43,False,0.8306614785992218,0.8417167381974249,0.8404568264405606,22.88421052631579,31.58139534883721,24.489270386266096,63.64999999999995,80.8,68.39999999999998,0,0.8549356223175966,246,247,209,38,False,0.8529182879377432,0.8820600858369099,0.8811213012631943,27.79904306220096,20.81578947368421,26.724696356275302,70.19999999999999,44.599999999999994,67.39999999999998,0,0.7946781115879828,243,243,186,57,True,0.8085603112840467,0.8506437768240344,0.8499740439522409,21.387096774193548,21.75438596491228,21.473251028806583,59.75,68.39999999999999,61.799999999999955,0,0.7490128755364807,227,228,188,40,True,0.7864591439688716,0.8190557939914163,0.8176155044125282,21.425531914893618,22.725,21.653508771929825,60.650000000000006,55.05,60.0,23.49546044098573,771,6,777,28.528089887640448,19.764044943820224,73296.7,89,11,100,239.88,305.15,47271.0,40846.0,"[41446.0, 47271.0]","[41446.0, 47225.0]","[40846.0, 52184.0]",True,False,delivery_complete,delivery_complete,6425,5825.0,5779.0,6425.0,600.0,300.0,5.6,8,3,0.5683333333333334,600.0,delivery
K100_5,100,primary,2026,1.34,1.3832,51.24,1.8,45,0.781,0.98,14,11.111,0,0.0,5,0.778,6,0.984,0.0,7,0.784,7,0.975,0.0,5,0.783,5,1.006,0.0,6,0.774,6,0.831,68.0,69.95,0,0,5,5.99,100,0,0,13,2.955,0.0,0.0,14,4.267,2.065,8,0.84,120.0,0.44,EV3|EV4,0.0,0.0,0.779,0.918,0.18,43.34,delivery,0.0,757.7,75768.6,75768.6,75652.5,24.359743040685224,29.78048780487805,100,100,0,0.0,1373.22,2228.45,0,0.7779690189328744,229,231,191,40,False,0.8068642745709829,0.8120481927710843,0.8107780280713914,24.104712041884817,33.3,25.696969696969695,65.5,76.29999999999998,70.0,0,0.7836488812392427,232,235,201,34,False,0.8051482059282371,0.8192771084337349,0.8180557962224918,24.980099502487562,24.91176470588235,24.970212765957445,67.0,64.44999999999999,67.29999999999998,0,0.7833046471600689,229,231,186,45,True,0.8059282371294851,0.8440619621342513,0.8430081441691215,24.526881720430108,30.622222222222224,25.714285714285715,64.75,67.6,66.0,0,0.7733218588640275,236,237,192,45,True,0.7864274570982839,0.8049913941480207,0.8038468203084388,19.171875,29.488888888888887,21.130801687763714,64.0,66.79999999999998,64.19999999999999,23.069553805774277,762,13,775,32.86585365853659,26.695121951219512,75768.6,82,18,100,247.97,321.2,47256.0,40846.0,"[41446.0, 47256.0]","[41446.0, 47217.0]","[40846.0, 52184.0]",True,False,delivery_complete,delivery_complete,6410,5810.0,5771.0,6410.0,600.0,300.0,6.4,13,4,0.6075,600.0,delivery
K100_6,100,primary,42,0.84,1.8848,46.51,1.84,52,0.861,1.063,17,11.111,0,0.0,5,0.864,6,1.025,0.0,5,0.857,6,1.102,0.0,5,0.89,6,1.256,0.0,6,0.787,8,0.943,77.0,70.85,5,5,5,6.26,95,5,0,15,3.349,0.0,0.0,16,4.69,2.264,7,0.976,123.0,0.36,EV3|EV4,0.0,0.0,0.838,1.099,0.16,43.12,delivery,0.0,778.4,77840.3,77840.3,77739.4,26.307027027027026,31.553571428571427,100,100,0,0.0,1330.2,2229.05,0,0.8644816792487572,237,238,195,43,False,0.8819432929862377,0.8908120051555883,0.8908652955345563,23.876923076923077,28.976744186046513,24.798319327731093,66.0,77.89999999999998,67.0,0,0.8573006812741668,232,232,196,36,False,0.8826065329132814,0.9118026146197754,0.9112469890680007,24.913265306122447,32.52777777777778,26.094827586206897,63.0,70.5,64.0,0,0.8897072362364206,237,238,189,49,True,0.8804510031503896,0.9165899466028355,0.9160644802668149,27.962962962962962,36.224489795918366,29.66386554621849,80.19999999999999,77.79999999999995,81.0,0,0.7867795986006261,217,217,177,40,True,0.8313712485491627,0.8574848094273615,0.8628867889568279,23.779661016949152,27.725,24.506912442396313,60.0,71.19999999999999,64.19999999999999,25.1737400530504,754,4,758,34.98809523809524,28.11904761904762,77840.3,84,16,100,254.75,333.25,46831.0,40800.0,"[41400.0, 46831.0]","[41400.0, 46797.0]","[40800.0, 52152.0]",True,False,delivery_complete,delivery_complete,6031,5431.0,5397.0,6031.0,600.0,300.0,6.2,7,3,0.5966666666666667,600.0,delivery
K100_6,100,primary,7,1.15,1.8863,46.51,1.84,52,0.801,0.992,17,11.111,0,0.0,4,0.836,7,1.078,0.0,4,0.767,5,0.907,0.0,5,0.783,5,0.954,0.0,5,0.81,7,1.058,74.79999999999998,64.99999999999997,5,5,5,5.93,95,5,0,11,3.097,0.0,0.0,13,4.565,2.25,7,0.9,123.0,0.46,EV3|EV4,0.0,0.0,0.797,1.006,0.11,43.92,delivery,0.0,762.5,76245.3,76245.3,76116.9,25.07641196013289,27.629213483146067,100,100,0,0.0,1326.56,2201.4,0,0.8356816102470266,238,239,192,47,False,0.8397361912613356,0.852516010978957,0.8513463666543711,25.255208333333332,29.829787234042552,26.15481171548117,68.89999999999998,75.1,71.0,0,0.7663311985361391,212,213,168,45,False,0.8057708161582853,0.8316559926806953,0.8356694946514202,23.458333333333332,27.511111111111113,24.314553990610328,63.650000000000006,60.8,63.39999999999998,0,0.7831655992680695,227,227,180,47,True,0.7967023907666941,0.840256175663312,0.8410180745112504,22.955555555555556,23.80851063829787,23.13215859030837,64.14999999999995,51.09999999999999,61.0,0,0.810064043915828,224,224,185,39,True,0.8408903544929925,0.8816102470265325,0.8849133161195131,25.967567567567567,29.71794871794872,26.620535714285715,63.0,73.30000000000001,70.0,24.43845089903181,723,6,729,31.426966292134832,23.831460674157302,76245.3,89,11,100,249.53,335.2,46865.0,40800.0,"[41400.0, 46865.0]","[41400.0, 46822.0]","[40800.0, 52152.0]",True,False,delivery_complete,delivery_complete,6065,5465.0,5422.0,6065.0,600.0,300.0,5.6,8,3,0.5683333333333334,600.0,delivery
K100_6,100,primary,2026,0.85,1.8955,46.51,1.84,52,0.772,0.984,14,11.111,0,0.0,6,0.821,6,1.108,0.0,5,0.723,6,0.86,0.0,5,0.751,5,0.811,0.0,5,0.799,5,0.942,79.70000000000002,62.900000000000006,4,4,5,5.99,96,4,0,16,2.892,0.0,0.0,16,4.475,2.234,6,0.829,122.4,0.44,EV3|EV4,0.0,0.0,0.775,0.876,0.18,43.22,delivery,0.0,749.3,74928.3,74928.3,74729.7,23.726966292134833,27.70731707317073,100,100,0,0.0,1322.72,2172.0,0,0.8215002737725863,231,231,181,50,False,0.8493173219279486,0.8594634057309728,0.8577498614446702,25.082872928176794,35.98,27.441558441558442,61.0,87.0,76.0,0,0.7227596276692827,212,213,179,34,False,0.798815594670176,0.813104581127943,0.8108257897653797,22.77094972067039,24.61764705882353,23.065727699530516,61.19999999999999,60.349999999999994,61.0,0,0.7506844314655959,219,219,172,47,True,0.7845040302681362,0.8225953641175398,0.8215407352669499,19.99418604651163,22.574468085106382,20.54794520547945,62.44999999999999,62.09999999999999,63.0,0,0.7981383464135792,226,227,194,33,True,0.8279322256950157,0.852162803431283,0.8503602438573804,23.288659793814432,25.666666666666668,23.634361233480178,70.69999999999999,57.4,65.69999999999999,22.800829875518673,723,7,730,31.29268292682927,24.121951219512194,74928.3,82,18,100,245.22,327.15,46879.0,40800.0,"[41400.0, 46879.0]","[41400.0, 46813.0]","[40800.0, 52152.0]",True,False,delivery_complete,delivery_complete,6079,5479.0,5413.0,6079.0,600.0,300.0,6.4,13,4,0.6075,600.0,delivery
K100_7,100,primary,42,0.98,1.8032,50.35,1.98,58,0.847,1.091,17,11.111,0,0.0,5,0.877,5,1.189,0.0,4,0.817,6,0.994,0.0,4,0.838,6,1.15,0.0,8,0.851,8,1.058,78.39999999999998,68.39999999999998,5,5,5,6.26,95,5,0,13,3.549,0.0,0.0,14,4.287,2.097,5,0.841,123.0,0.36,EV3|EV4,0.0,0.0,0.845,1.104,0.16,43.04,delivery,0.0,768.4,76841.1,76841.1,76657.8,26.788306451612904,29.38095238095238,100,100,0,0.0,1675.85,2689.3,0,0.8772378516624041,257,257,211,46,False,0.8988399071925754,0.9087809036658141,0.9095451412818746,27.99526066350711,30.434782608695652,28.43190661478599,69.5,63.75,68.19999999999999,0,0.8170502983802217,247,248,205,43,False,0.871616395978345,0.8975277067348678,0.8964507236388698,22.370731707317074,31.651162790697676,23.97983870967742,62.0,88.79999999999997,68.64999999999998,0,0.837851662404092,242,242,204,38,True,0.860015467904099,0.8913895993179881,0.8921433494141972,28.764705882352942,28.526315789473685,28.727272727272727,72.85,75.75,73.0,0,0.8513213981244672,244,245,204,41,True,0.8646558391337974,0.8922421142369992,0.892487939352171,25.86764705882353,26.609756097560975,25.991836734693877,70.85,58.0,70.0,26.24939172749392,822,12,834,35.345238095238095,23.416666666666668,76841.1,84,16,100,251.48,320.2,47312.0,40847.0,"[41447.0, 47312.0]","[41447.0, 47251.0]","[40847.0, 52174.0]",True,False,delivery_complete,delivery_complete,6465,5865.0,5804.0,6465.0,600.0,300.0,6.2,7,3,0.5966666666666667,600.0,delivery
K100_7,100,primary,7,1.48,1.7509,50.35,2.0700000000000003,58,0.77,0.963,17,11.111,0,0.0,5,0.769,5,1.054,0.0,5,0.772,5,0.872,0.0,5,0.814,6,1.066,0.0,5,0.819,6,1.048,60.0,67.79999999999998,5,5,5,5.93,95,5,0,14,3.169,0.0,0.0,13,4.273,2.084,6,0.869,123.0,0.46,EV3|EV4,0.0,0.0,0.816,1.057,0.11,43.98,delivery,0.0,770.7,77073.3,77073.3,76831.9,25.533748701973,28.831460674157302,100,100,0,0.0,1677.67,2642.3999999999996,0,0.7688919010504913,243,243,199,44,False,0.8580436788680406,0.8717383937648255,0.870663002404672,25.321608040201006,34.61363636363637,27.004115226337447,66.1,68.55000000000001,66.89999999999998,0,0.7717722805828533,225,226,185,41,False,0.7822208551215011,0.8037953236191122,0.8036757128134662,23.394594594594594,22.658536585365855,23.261061946902654,63.79999999999998,54.0,62.75,0,0.8144696712978652,242,242,201,41,True,0.8132882190095355,0.8553032870213487,0.853830298866369,25.796019900497512,29.78048780487805,26.47107438016529,65.0,62.0,63.94999999999999,0,0.8183666553710607,251,252,200,52,True,0.8200553675792064,0.8556421552016266,0.8560632085194091,24.525,28.057692307692307,25.253968253968253,61.14999999999995,59.34999999999999,61.0,24.82608695652174,782,8,790,31.674157303370787,25.98876404494382,77073.3,89,11,100,252.24,322.1,47349.0,40847.0,"[41447.0, 47349.0]","[41447.0, 47269.0]","[40847.0, 52174.0]",True,False,delivery_complete,delivery_complete,6502,5902.0,5822.0,6502.0,600.0,300.0,5.6,8,3,0.5683333333333334,600.0,delivery
K100_7,100,primary,2026,1.46,1.7594,50.35,2.0700000000000003,57,0.795,0.954,14,11.111,0,0.0,6,0.826,6,1.011,0.0,5,0.764,7,0.897,0.0,4,0.705,5,0.958,0.0,6,0.768,5,0.857,63.0,72.40000000000003,4,4,5,5.99,96,4,0,12,2.941,0.0,0.0,15,4.215,2.102,6,0.781,122.4,0.44,EV3|EV4,0.0,0.0,0.736,0.907,0.18,43.12,delivery,0.0,750.1,75013.9,75013.9,74894.7,23.838329764453963,27.73170731707317,100,100,0,0.0,1673.54,2625.7,0,0.8265498883736906,247,247,197,50,False,0.8307644402926981,0.8383994504550919,0.8372816877053433,23.878172588832488,27.32,24.574898785425102,69.19999999999999,61.19999999999999,69.0,0,0.7642108878584922,235,238,195,43,False,0.8151953915615756,0.8303280096170359,0.829154418122082,22.43076923076923,25.069767441860463,22.907563025210084,56.599999999999966,53.8,56.299999999999955,0,0.7049630774514855,219,220,182,38,True,0.7913747470029581,0.8279237506439979,0.8267335293100467,23.686813186813186,34.55263157894737,25.563636363636363,68.79999999999995,86.89999999999999,73.0,0,0.766958612399107,228,229,196,33,True,0.8050755098863459,0.82551949167096,0.8243126404980115,22.081632653061224,23.96969696969697,22.353711790393014,68.75,50.4,65.0,22.93202614379085,765,12,777,31.158536585365855,24.304878048780488,75013.9,82,18,100,245.5,328.54999999999995,47270.0,40847.0,"[41447.0, 47270.0]","[41447.0, 47230.0]","[40847.0, 52174.0]",True,False,delivery_complete,delivery_complete,6423,5823.0,5783.0,6423.0,600.0,300.0,6.4,13,4,0.6075,600.0,delivery
K100_8,100,primary,42,1.23,1.765,50.79,2.25,53,0.838,1.09,17,11.111,0,0.0,5,0.879,6,1.159,0.0,4,0.798,4,1.021,0.0,5,0.863,5,1.165,0.0,5,0.869,6,1.008,83.24999999999997,57.54999999999998,11,11,8,6.26,89,11,0,13,3.54,0.0,0.0,15,4.225,2.1,7,0.813,126.6,0.36,EV3|EV4,0.0,0.0,0.866,1.087,0.16,43.2,delivery,0.0,778.2,77825.0,77825.0,77614.2,26.461312438785505,29.160714285714285,100,100,0,0.0,1621.53,2444.3999999999996,0,0.879044300647088,269,270,224,46,False,0.9168552889693677,0.9283225485316078,0.9274802753063622,26.678571428571427,27.130434782608695,26.755555555555556,68.85,73.5,70.64999999999995,0,0.7979094076655052,247,248,217,31,False,0.8629847593179417,0.8873403019744484,0.8860164512338425,25.129032258064516,25.93548387096774,25.22983870967742,62.0,56.5,62.0,0,0.8622863779658205,250,250,205,45,True,0.8664554096876415,0.897627343620375,0.8964243746852443,28.44390243902439,31.844444444444445,29.056,67.0,73.19999999999997,67.54999999999998,0,0.8694209391073503,253,253,207,46,True,0.8252602987777274,0.8481831757093081,0.8469028034245426,23.468599033816425,30.73913043478261,24.790513833992094,68.69999999999999,84.75,70.0,25.816470588235294,850,9,859,33.773809523809526,24.547619047619047,77825.0,84,16,100,254.7,331.45,47434.0,40807.0,"[41407.0, 47434.0]","[41407.0, 47364.0]","[40807.0, 52196.0]",True,False,delivery_complete,delivery_complete,6627,6027.0,5957.0,6627.0,600.0,300.0,6.2,7,3,0.5966666666666667,600.0,delivery
K100_8,100,primary,7,1.28,1.8987,50.79,2.25,53,0.818,0.974,17,11.111,0,0.0,5,0.797,6,0.996,0.0,6,0.839,7,0.953,0.0,6,0.788,6,0.953,0.0,5,0.77,7,0.92,67.0,62.99999999999997,10,10,4,5.93,90,10,0,12,2.983,0.0,0.0,18,4.242,2.099,8,0.838,126.0,0.46,EV3|EV4,0.0,0.0,0.779,0.936,0.11,43.98,delivery,0.0,778.2,77815.8,77815.8,77638.6,24.120162932790222,28.275280898876403,100,100,0,0.0,1621.17,2510.6,0,0.7969348659003831,249,250,202,48,False,0.8435559594123883,0.8555722138930535,0.8541386271870794,24.584158415841586,27.395833333333332,25.124,64.0,61.19999999999999,64.0,0,0.8389138763951358,250,254,215,39,False,0.8117522338331061,0.8359153756455105,0.835464333781965,21.98139534883721,31.23076923076923,23.401574803149607,60.29999999999998,58.2,60.0,0,0.7879393636515076,237,238,196,42,True,0.797819173103135,0.8375812093953023,0.8359690444145357,23.9234693877551,27.142857142857142,24.491596638655462,70.25,67.94999999999999,70.0,0,0.769615192403798,240,240,191,49,True,0.8100863243980009,0.8440779610194903,0.8425302826379543,22.36649214659686,27.755102040816325,23.466666666666665,60.0,62.39999999999998,60.04999999999998,23.2406015037594,798,16,814,32.235955056179776,24.314606741573034,77815.8,89,11,100,254.67,311.25,47410.0,40807.0,"[41407.0, 47410.0]","[41407.0, 47351.0]","[40807.0, 52196.0]",True,False,delivery_complete,delivery_complete,6603,6003.0,5944.0,6603.0,600.0,300.0,5.6,8,3,0.5683333333333334,600.0,delivery
K100_8,100,primary,2026,1.16,1.8861,50.79,2.25,53,0.758,0.999,14,11.111,0,0.0,5,0.752,5,0.983,0.0,5,0.764,6,1.015,0.0,6,0.753,8,0.945,0.0,7,0.805,6,0.95,80.95,62.900000000000006,11,11,5,5.99,89,11,0,13,3.073,0.0,0.0,18,4.234,2.118,8,0.819,126.6,0.44,EV3|EV4,0.0,0.0,0.779,0.947,0.18,42.96,delivery,0.0,773.4,77339.2,77339.2,77250.6,25.10751565762004,29.859756097560975,100,100,0,0.0,1619.33,2517.45,0,0.751882215158106,235,235,195,40,False,0.8003649080127718,0.80475154759913,0.8037666050109299,25.71794871794872,27.9,26.08936170212766,71.29999999999998,68.59999999999997,71.29999999999998,0,0.763761084155931,232,232,199,33,False,0.8021894480766307,0.8156265685126317,0.8173869177736673,25.22613065326633,38.666666666666664,27.137931034482758,62.29999999999998,76.79999999999998,65.44999999999999,0,0.7533879872845909,235,237,200,37,True,0.7892656226242968,0.8246612012715409,0.8237766941314949,23.61,27.62162162162162,24.236286919831223,65.09999999999997,87.0,69.39999999999998,0,0.80475154759913,254,254,200,54,True,0.8064467082256348,0.8265015894261335,0.8271397343198251,21.995,27.462962962962962,23.15748031496063,68.19999999999993,68.69999999999999,68.69999999999999,24.02528445006321,791,5,796,36.951219512195124,22.76829268292683,77339.2,82,18,100,253.11,335.79999999999995,47384.0,40807.0,"[41407.0, 47384.0]","[41407.0, 47354.0]","[40807.0, 52196.0]",True,False,delivery_complete,delivery_complete,6577,5977.0,5947.0,6577.0,600.0,300.0,6.4,13,4,0.6075,600.0,delivery
K100_9,100,primary,42,0.93,1.3962,48.03,1.52,53,0.821,1.089,17,11.111,0,0.0,5,0.805,6,1.081,0.0,6,0.838,5,1.096,0.0,8,0.954,8,1.205,0.0,5,0.767,6,0.885,73.69999999999999,60.54999999999998,8,8,6,6.26,91,7,2,15,3.509,0.0,0.0,13,4.094,2.039,7,0.758,124.2,0.36,EV3|EV4,0.0,0.0,0.861,1.045,0.16,43.36,delivery,0.0,812.9,81290.3,81290.3,81176.9,26.10301263362488,27.49404761904762,100,100,0,0.0,1659.76,2581.7499999999995,0,0.8049261083743843,255,256,215,41,False,0.873542600896861,0.880623973727422,0.8832369942196532,25.474418604651163,35.19512195121951,27.03125,62.0,87.0,65.0,0,0.8379310344827586,262,262,220,42,False,0.8713004484304933,0.8962233169129721,0.8981007431874484,26.163636363636364,24.238095238095237,25.85496183206107,70.0,55.699999999999974,68.94999999999999,0,0.9540229885057471,266,266,234,32,True,0.8748878923766816,0.906568144499179,0.9090008257638316,28.307692307692307,29.875,28.49624060150376,70.69999999999999,75.54999999999998,71.5,0,0.767487684729064,245,245,192,53,True,0.8216741405082212,0.8440065681444991,0.8447563996696945,22.833333333333332,22.67924528301887,22.8,59.349999999999966,56.99999999999999,59.599999999999966,25.856976744186046,860,2,862,31.05952380952381,23.928571428571427,81290.3,84,16,100,249.36,326.29999999999995,47552.0,40862.0,"[41462.0, 47552.0]","[41462.0, 47517.0]","[40862.0, 52157.0]",True,False,delivery_complete,delivery_complete,6690,6090.0,6055.0,6690.0,600.0,300.0,6.2,7,3,0.5966666666666667,600.0,delivery
K100_9,100,primary,7,1.14,1.408,48.03,1.52,54,0.819,0.994,17,11.111,0,0.0,7,0.838,6,1.023,0.0,5,0.8,5,0.964,0.0,4,0.731,6,0.999,0.0,5,0.796,6,0.953,60.79999999999998,70.0,10,10,6,5.93,89,9,2,11,3.165,0.0,0.0,13,4.165,2.092,6,0.774,125.4,0.46,EV3|EV4,0.0,0.0,0.764,0.976,0.11,44.0,delivery,0.0,815.3,81530.3,81530.3,81386.9,24.93551688843398,26.06741573033708,100,100,0,0.0,1662.75,2636.6,0,0.8377837116154874,260,261,208,53,False,0.8299453883495146,0.8406208277703605,0.8394418291862811,25.125,23.0188679245283,24.697318007662837,60.0,64.39999999999999,60.0,0,0.8000667556742324,242,242,203,39,False,0.8417779126213593,0.8689919893190922,0.8680228648285138,23.423645320197043,31.435897435897434,24.714876033057852,59.0,70.2,63.849999999999966,0,0.7313084112149533,230,231,194,37,True,0.7997572815533981,0.8397863818424566,0.8386012104909213,26.257731958762886,26.675675675675677,26.324675324675326,62.69999999999999,63.79999999999998,63.5,0,0.7962283044058746,243,243,194,49,True,0.8017293689320388,0.8349465954606141,0.8350706119704102,23.95360824742268,24.632653061224488,24.090534979423868,64.35,55.39999999999998,64.0,24.71105527638191,796,15,811,28.280898876404493,23.853932584269664,81530.3,89,11,100,249.6,317.15,47454.0,40862.0,"[41462.0, 47454.0]","[41462.0, 47410.0]","[40862.0, 52157.0]",True,False,delivery_complete,delivery_complete,6592,5992.0,5948.0,6592.0,600.0,300.0,5.6,8,3,0.5683333333333334,600.0,delivery
K100_9,100,primary,2026,0.93,1.3573,48.03,1.52,53,0.756,0.947,14,11.111,0,0.0,5,0.74,5,0.97,0.0,5,0.773,5,0.924,0.0,5,0.74,6,0.999,0.0,6,0.857,5,1.105,73.95,59.95,11,11,4,5.99,88,10,2,13,3.226,0.0,0.0,15,4.144,2.084,6,0.772,126.0,0.44,EV3|EV4,0.0,0.0,0.798,1.052,0.18,43.04,delivery,0.0,818.8,81879.9,81879.9,81726.5,25.788819875776397,28.45731707317073,100,100,0,0.0,1662.66,2596.2999999999997,0,0.7399933840555739,233,234,192,42,False,0.824706590430334,0.8314588157459477,0.8308051341890315,26.317708333333332,25.666666666666668,26.200854700854702,71.44999999999999,63.699999999999974,71.35,0,0.7724115117433014,238,240,203,37,False,0.815076737887451,0.8296394310287794,0.8283047174529088,23.36945812807882,28.83783783783784,24.2125,65.79999999999995,71.39999999999999,67.04999999999998,0,0.7398279854449222,230,230,182,48,True,0.7867890460427325,0.8215348991068475,0.8208034672445408,25.675824175824175,30.1875,26.617391304347827,72.79999999999995,73.94999999999999,74.09999999999997,0,0.8561032087330467,260,262,225,37,True,0.8254589226602468,0.8471716837578565,0.8493082180363394,25.666666666666668,29.0,26.137404580152673,74.79999999999998,59.19999999999995,72.0,25.26097867001255,797,10,807,32.329268292682926,24.585365853658537,81879.9,82,18,100,250.56,312.05,47508.0,40862.0,"[41462.0, 47508.0]","[41462.0, 47461.0]","[40862.0, 52157.0]",True,False,delivery_complete,delivery_complete,6646,6046.0,5999.0,6646.0,600.0,300.0,6.4,13,4,0.6075,600.0,delivery
K200_1,200,primary,42,2.34,3.3995,26.62,1.485,96,1.109,1.659,28,22.222,0,0.0,8,1.199,11,1.726,0.0,6,1.02,7,1.592,0.0,6,0.974,9,1.574,0.0,6,0.954,8,1.249,82.75,86.0,14,14,9,6.0,186,14,0,18,4.163,0.0,0.0,24,8.491,3.969,9,1.977,124.2,0.425,EV3|EV4,0.0,0.0,0.964,1.411,0.17,42.58,delivery,0.0,602.5,120491.7,120491.7,120413.9,32.58970099667774,37.256024096385545,200,200,0,0.0,1606.105,2574.8999999999996,0,1.1989771455969314,329,330,244,86,False,0.9251859413737786,0.9370305258110916,0.9395595563414242,32.01639344262295,38.651162790697676,33.74545454545454,88.85,86.0,87.55000000000001,0,1.0198178040594534,307,308,224,84,False,0.8980603762578387,0.9248841297746524,0.9244494454267803,30.058035714285715,38.976190476190474,32.49025974025974,76.69999999999999,86.39999999999998,81.29999999999995,0,0.9733098929199296,280,281,202,79,True,0.8910602304214671,0.9234457407703373,0.9246101912875744,34.4009900990099,39.734177215189874,35.90035587188612,77.94999999999999,79.09999999999994,78.0,0,0.954451014863353,284,285,202,83,True,0.8671430654805309,0.8932395716797187,0.8926217649895515,26.60891089108911,31.710843373493976,28.094736842105263,68.94999999999999,79.0,73.60000000000002,30.89516129032258,868,7,875,40.22289156626506,34.28915662650602,120491.7,166,34,200,265.685,356.0,47674.0,40817.0,"[41417.0, 47674.0]","[41417.0, 47638.0]","[40817.0, 52197.0]",True,False,delivery_complete,delivery_complete,6857,6257.0,6221.0,6857.0,600.0,300.0,6.2,7,3,0.5966666666666667,600.0,delivery
K200_1,200,primary,7,2.38,3.3121,26.62,1.485,95,1.024,1.583,30,22.222,0,0.0,6,1.108,6,1.605,0.0,8,0.94,8,1.562,0.0,10,1.074,10,1.462,0.0,7,1.0,8,1.494,78.0,82.25,14,14,8,5.99,186,13,1,15,3.997,0.0,0.0,23,8.692,3.992,9,2.124,123.9,0.45,EV3|EV4,0.0,0.0,1.037,1.478,0.12,42.22,delivery,0.0,610.9,122171.5,122171.5,122107.1,32.557046979865774,37.45738636363637,200,200,0,0.0,1607.285,2510.95,0,1.1079600386722526,304,305,219,86,False,0.9127240669997061,0.9310344827586207,0.930699481865285,31.735159817351597,38.55813953488372,33.65901639344262,83.39999999999998,85.0,85.0,0,0.9398968739929101,295,295,196,99,False,0.8665883044372612,0.8952626490493071,0.8947538860103627,30.602040816326532,39.535353535353536,33.6,77.5,82.1,79.30000000000001,0,1.073799548823719,294,296,209,87,True,0.8590949162503673,0.9034805027392846,0.9030116580310881,30.406698564593302,32.55172413793103,31.03716216216216,73.6,72.0,73.25,0,1.000322268772156,295,296,216,80,True,0.8693799588598295,0.9079922655494682,0.9080310880829016,29.25925925925926,39.0375,31.902027027027028,72.0,77.05,74.0,30.582035928143714,835,9,844,41.52840909090909,33.38636363636363,122171.5,176,24,200,269.76,346.04999999999995,47623.0,40817.0,"[41417.0, 47623.0]","[41417.0, 47593.0]","[40817.0, 52197.0]",True,False,delivery_complete,delivery_complete,6806,6206.0,6176.0,6806.0,600.0,300.0,5.6,8,3,0.5683333333333334,600.0,delivery
K200_1,200,primary,2026,2.35,3.3187,26.62,1.485,96,0.978,1.409,28,22.222,0,0.0,8,0.971,8,1.37,0.0,9,0.984,10,1.448,0.0,8,0.988,8,1.371,0.0,6,0.98,6,1.24,76.0,83.95000000000002,7,7,8,5.965,193,6,1,14,3.598,0.0,0.0,24,8.35,3.925,9,1.831,121.8,0.435,EV3|EV4,0.0,0.0,0.984,1.305,0.16,42.56,delivery,0.0,580.2,116041.9,116041.9,115977.5,29.809853068280034,33.81547619047619,200,200,0,0.0,1598.49,2548.8999999999996,0,0.9716403480502739,289,289,199,90,False,0.8604172788715839,0.8704479535932969,0.8746761658031088,27.09045226130653,37.522222222222226,30.33910034602076,74.29999999999998,87.19999999999999,82.0,0,0.9835642926200451,287,288,202,86,False,0.8507199529826623,0.8683532065742829,0.8678756476683938,29.856435643564357,37.05813953488372,32.00694444444444,82.0,83.25,83.94999999999993,0,0.9883983242023848,289,290,202,88,True,0.8523361739641493,0.8925233644859814,0.8920012953367875,28.757425742574256,31.75,29.66551724137931,75.94999999999999,67.24999999999996,75.55000000000001,0,0.9788913954237835,287,290,218,72,True,0.8660005877167205,0.8910731550112794,0.8915155440414507,27.05045871559633,27.833333333333332,27.244827586206895,70.29999999999995,65.9,69.0,28.285539215686274,816,5,821,37.232142857142854,30.398809523809526,116041.9,168,32,200,259.145,337.15,47623.0,40817.0,"[41417.0, 47623.0]","[41417.0, 47593.0]","[40817.0, 52197.0]",True,False,delivery_complete,delivery_complete,6806,6206.0,6176.0,6806.0,600.0,300.0,6.4,13,4,0.6075,600.0,delivery
K200_2,200,primary,42,2.62,5.6729,30.6,2.0349999999999997,99,1.051,1.485,28,22.222,0,0.0,8,1.059,9,1.498,0.0,7,1.043,7,1.472,0.0,5,0.951,7,1.36,0.0,6,0.986,8,1.376,83.0,71.75,4,4,7,6.0,196,3,1,13,3.975,0.0,0.0,25,7.635,3.555,9,1.73,120.9,0.425,EV3|EV4,0.0,0.0,0.968,1.368,0.17,42.47,delivery,0.0,578.9,115789.4,115789.4,115707.2,31.09717868338558,35.44277108433735,200,200,0,0.0,1634.35,2410.899999999999,0,1.05866784296427,336,336,252,84,False,0.914471017430077,0.924422878988384,0.9262161762531421,28.738095238095237,39.07142857142857,31.321428571428573,78.44999999999999,80.0,79.25,0,1.042787825319806,315,316,229,87,False,0.889069044723686,0.9129539773562712,0.9124648824486175,31.489082969432314,33.51724137931034,32.04746835443038,83.6,80.0,83.25,0,0.9504484634612557,307,307,228,79,True,0.8969058235373598,0.9272165857962065,0.9324264379713145,30.82894736842105,31.139240506329113,30.908794788273617,71.64999999999998,68.29999999999998,71.0,0,0.9863255403617115,316,317,235,82,True,0.8455614106201864,0.8676665196294663,0.8669229631820198,27.365957446808512,37.91463414634146,30.094637223974765,69.0,75.95,71.19999999999999,29.57430997876858,942,3,945,40.5722891566265,30.313253012048193,115789.4,166,34,200,259.67,332.09999999999997,48207.0,40806.0,"[41406.0, 48207.0]","[41406.0, 48169.0]","[40806.0, 52168.0]",True,False,delivery_complete,delivery_complete,7401,6801.0,6763.0,7401.0,600.0,300.0,6.2,7,3,0.5966666666666667,600.0,delivery
K200_2,200,primary,7,2.58,5.6905,30.6,2.0349999999999997,99,0.996,1.483,30,22.222,0,0.0,5,1.026,8,1.597,0.0,8,0.965,8,1.37,0.0,6,1.016,7,1.43,0.0,10,0.972,12,1.34,88.25,80.25,3,3,11,5.99,197,3,0,13,3.875,0.0,0.0,27,7.796,3.575,10,1.861,120.9,0.45,EV3|EV4,0.0,0.0,0.994,1.385,0.12,42.53,delivery,0.0,588.5,117696.7,117696.7,117632.2,31.236779794790845,35.75568181818182,200,200,0,0.0,1637.07,2387.7499999999995,0,1.026027802425318,323,323,240,83,False,0.8906547133930997,0.9055013309671694,0.9050802139037433,32.69166666666667,39.54216867469879,34.45201238390093,80.14999999999995,90.69999999999997,83.89999999999998,0,0.9652469683525584,313,313,210,103,False,0.8571040478130942,0.8825791186039633,0.8826500297088532,28.166666666666668,34.43689320388349,30.230031948881788,72.54999999999998,84.29999999999994,76.0,0,1.0161194912747709,323,323,234,89,True,0.86960065199674,0.9112688553682342,0.9153297682709447,28.713675213675213,34.42696629213483,30.287925696594428,70.35,84.79999999999998,76.0,0,0.9720496894409938,307,308,231,77,True,0.8511274110296115,0.8849452824608104,0.8844325609031491,28.186147186147185,34.97402597402598,29.883116883116884,81.5,82.0,82.0,29.50602409638554,913,6,919,40.61931818181818,30.892045454545453,117696.7,176,24,200,263.625,350.09999999999997,48168.0,40806.0,"[41406.0, 48168.0]","[41406.0, 48138.0]","[40806.0, 52168.0]",True,False,delivery_complete,delivery_complete,7362,6762.0,6732.0,7362.0,600.0,300.0,5.6,8,3,0.5683333333333334,600.0,delivery
K200_2,200,primary,2026,2.59,5.7194,30.6,2.0349999999999997,98,0.949,1.288,28,22.222,0,0.0,7,0.966,8,1.272,0.0,7,0.932,8,1.305,0.0,6,0.896,7,1.28,0.0,7,1.005,9,1.421,90.65,72.65,3,3,9,5.965,197,2,1,13,3.533,0.0,0.0,24,7.7,3.566,11,1.745,120.6,0.435,EV3|EV4,0.0,0.0,0.95,1.35,0.16,42.44,delivery,0.0,579.6,115911.7,115911.7,115847.2,29.854440789473685,35.11607142857143,200,200,0,0.0,1634.855,2402.3999999999996,0,0.966430050280982,303,305,238,67,False,0.8450149415919587,0.8528541851523218,0.8521984551396317,27.45378151260504,34.52238805970149,29.00655737704918,83.14999999999998,90.79999999999998,85.60000000000002,0,0.9315291333924874,307,307,222,85,False,0.8484107579462102,0.8643892339544513,0.8637849079025549,26.3018018018018,36.811764705882354,29.21172638436482,65.0,81.0,71.39999999999998,0,0.8964803312629399,300,302,207,95,True,0.7901385493072535,0.8215025140490979,0.8207070707070707,26.77777777777778,33.78947368421053,28.983443708609272,70.0,73.29999999999997,70.0,0,1.0039929015084295,301,302,213,89,True,0.8238250475414289,0.8430937592428276,0.8423945335710041,30.929577464788732,35.359550561797754,32.235099337748345,86.0,79.6,85.94999999999999,27.83963344788087,873,13,886,40.50595238095238,29.726190476190474,115911.7,168,32,200,260.36,345.04999999999995,48168.0,40806.0,"[41406.0, 48168.0]","[41406.0, 48138.0]","[40806.0, 52168.0]",True,False,delivery_complete,delivery_complete,7362,6762.0,6732.0,7362.0,600.0,300.0,6.4,13,4,0.6075,600.0,delivery
K200_3,200,primary,42,2.55,2.5794,27.9,1.85,104,1.031,1.49,28,22.222,0,0.0,5,1.037,8,1.555,0.0,7,1.025,7,1.426,0.0,5,0.999,9,1.525,0.0,6,1.003,8,1.453,92.75,84.5,0,0,8,6.0,200,0,0,13,4.142,0.0,0.0,20,7.771,3.566,10,1.817,120.0,0.425,EV3|EV4,0.0,0.0,1.001,1.489,0.17,42.42,delivery,0.0,653.8,130755.0,130755.0,130597.5,32.25925925925926,36.83734939759036,200,200,0,0.0,1459.02,2375.15,0,1.0370040124832813,327,330,243,87,False,0.9132214490380679,0.9231683756873236,0.922430607651913,31.20576131687243,36.689655172413794,32.65151515151515,81.79999999999995,87.10000000000001,84.10000000000002,0,1.0255610046069252,313,314,229,85,False,0.8756992768454086,0.8986476445237034,0.8976744186046511,29.95633187772926,33.529411764705884,30.923566878980893,83.19999999999999,86.79999999999998,84.0,0,0.9989597265566948,312,312,232,80,True,0.8872970391595033,0.9170753455193936,0.9162790697674419,31.612068965517242,39.3625,33.59935897435897,78.44999999999999,103.1,82.44999999999999,0,1.002674988854213,311,313,233,80,True,0.8803383817710465,0.9057809481349384,0.9048762190547637,29.742489270386265,37.9875,31.849840255591054,79.39999999999998,81.1,80.0,30.695698924731182,930,10,940,41.234939759036145,32.43975903614458,130755.0,166,34,200,261.51,346.15,48168.0,40839.0,"[41439.0, 48168.0]","[41439.0, 48104.0]","[40839.0, 52188.0]",True,False,delivery_complete,delivery_complete,7329,6729.0,6665.0,7329.0,600.0,300.0,6.2,7,3,0.5966666666666667,600.0,delivery
K200_3,200,primary,7,2.53,2.5794,27.9,1.85,105,0.99,1.492,30,22.222,0,0.0,8,1.009,8,1.569,0.0,7,0.971,7,1.415,0.0,6,0.976,7,1.37,0.0,6,1.007,9,1.433,82.5,78.0,0,0,7,5.99,200,0,0,15,3.923,0.0,0.0,22,7.79,3.578,9,1.864,120.0,0.45,EV3|EV4,0.0,0.0,0.992,1.402,0.12,42.46,delivery,0.0,653.1,130625.0,130625.0,130460.0,31.49920634920635,35.52556818181818,200,200,0,0.0,1457.91,2345.899999999999,0,1.009543692215926,324,325,222,103,False,0.8824254037777169,0.8966597077244259,0.8969724356077723,33.08108108108108,34.33980582524272,33.48,79.94999999999999,81.89999999999999,80.80000000000001,0,0.9707724425887265,312,312,232,80,False,0.8653161784834382,0.8917387414255891,0.8962193101370688,28.461206896551722,38.85,31.125,81.0,82.0,81.44999999999999,0,0.9764390098419325,309,309,224,85,True,0.8660005474952094,0.9076946018490903,0.9090224431390269,28.138392857142858,35.32941176470588,30.116504854368934,74.85,76.8,76.0,0,1.0071577691619444,313,314,230,84,True,0.858609362168081,0.8933790635252014,0.8924536827835517,30.14782608695652,34.01190476190476,31.181528662420384,79.0,81.69999999999999,80.69999999999993,29.981236203090507,906,2,908,40.5625,30.488636363636363,130625.0,176,24,200,261.25,334.0,48145.0,40839.0,"[41439.0, 48145.0]","[41439.0, 48078.0]","[40839.0, 52188.0]",True,False,delivery_complete,delivery_complete,7306,6706.0,6639.0,7306.0,600.0,300.0,5.6,8,3,0.5683333333333334,600.0,delivery
K200_3,200,primary,2026,2.5,2.5794,27.9,1.85,105,0.927,1.335,28,22.222,0,0.0,7,0.923,7,1.303,0.0,8,0.931,10,1.366,0.0024,13,0.956,11,1.417,0.0,6,0.95,7,1.403,87.95000000000002,78.0,0,0,7,5.965,200,0,0,14,3.643,0.0,0.0,22,7.83,3.595,9,1.846,120.0,0.435,EV3|EV4,0.0,0.0024,0.953,1.41,0.16,42.39,delivery,0.0,653.4,130677.5,130677.5,130602.5,31.175145954962467,36.67857142857143,200,200,0,0.0,1458.72,2351.5999999999995,0,0.9234456928838951,302,302,218,84,False,0.8317525773195876,0.8385018726591761,0.8377483443708609,27.53669724770642,35.29761904761905,29.695364238410598,74.0,80.69999999999999,77.0,0,0.9306367041198502,294,294,221,73,False,0.8361512027491409,0.8512359550561798,0.8505418422636966,31.941176470588236,30.493150684931507,31.581632653061224,83.0,74.39999999999995,81.0,0,0.9558052434456928,298,298,198,100,True,0.8042611683848797,0.8373033707865168,0.8369957856712824,27.646464646464647,40.82,32.06711409395973,82.14999999999998,90.44999999999997,86.0,0,0.949812734082397,305,305,226,79,True,0.8567697594501719,0.8792509363295881,0.878687537627935,28.845132743362832,38.620253164556964,31.37704918032787,78.5,80.19999999999999,79.80000000000001,29.031358885017422,861,4,865,41.11904761904762,32.23809523809524,130677.5,168,32,200,261.355,349.09999999999997,48114.0,40839.0,"[41439.0, 48114.0]","[41439.0, 48083.0]","[40839.0, 52188.0]",True,False,delivery_complete,delivery_complete,7275,6675.0,6644.0,7275.0,600.0,300.0,6.4,13,4,0.6075,600.0,delivery
K200_4,200,primary,42,2.24,1.8252,23.01,1.92,111,1.015,1.517,28,22.222,0,0.0,9,0.993,8,1.43,0.0,6,1.037,6,1.604,0.0,6,1.08,9,1.598,0.0023,13,1.077,16,1.38,90.0,78.5,16,16,7,6.0,184,15,1,14,3.854,0.0,0.0,30,9.3,4.354,12,2.159,124.5,0.425,EV3|EV4,0.0,0.0023,1.078,1.489,0.17,42.39,delivery,0.0,677.5,135494.6,135494.6,135214.6,30.953180212014136,37.183734939759034,200,200,0,0.0,1483.84,2332.6499999999996,0,0.9933543196922001,268,269,198,71,False,0.9062994618550174,0.9172787688002798,0.9156110615521855,29.45959595959596,37.690140845070424,31.63197026022305,83.0,78.5,82.6,0,1.036726128016789,282,282,190,92,False,0.9167458056346945,0.9480587618048268,0.9475468331846566,27.51578947368421,43.57608695652174,32.755319148936174,77.09999999999997,87.80000000000001,81.94999999999999,0,1.0792235047219307,290,292,212,80,True,0.9074074074074074,0.9445610353270374,0.9434433541480821,30.87735849056604,34.175,31.78082191780822,76.89999999999998,85.14999999999999,79.0,0,1.0767750961874782,288,289,200,89,True,0.8754352643241532,0.9048618398041273,0.903479036574487,25.435,32.87640449438202,27.726643598615915,61.0,73.0,64.0,28.446540880503143,795,13,808,42.12048192771084,32.24698795180723,135494.6,166,34,200,265.945,360.04999999999995,47147.0,40829.0,"[41429.0, 47147.0]","[41429.0, 47034.0]","[40829.0, 52175.0]",True,False,delivery_complete,delivery_complete,6318,5718.0,5605.0,6318.0,600.0,300.0,6.2,7,3,0.5966666666666667,600.0,delivery
K200_4,200,primary,7,2.21,1.8281,23.01,2.0,111,1.023,1.612,30,22.222,0,0.0,7,1.021,9,1.612,0.0,8,1.024,10,1.612,0.0018,12,1.097,11,1.615,0.0,7,1.111,9,1.776,87.0,80.25,19,19,9,5.99,181,19,0,13,4.132,0.0,0.0,29,9.864,4.464,12,2.483,125.7,0.45,EV3|EV4,0.0,0.0018,1.104,1.695,0.12,42.49,delivery,0.0,711.8,142364.7,142364.7,142247.2,34.61636363636364,39.72727272727273,200,200,0,0.0,1489.91,2326.7999999999997,0,1.0216657787249157,275,276,182,94,False,0.8764243299630878,0.8927366364766471,0.8941429339065019,33.214285714285715,36.12765957446808,34.20652173913044,81.89999999999998,86.35,83.5,0,1.023441662226958,264,266,176,90,False,0.8528326111378591,0.8829692772154146,0.8819631022747627,32.01136363636363,40.72222222222222,34.95864661654135,83.25,84.0,84.0,0,1.0967856508613034,272,272,194,78,True,0.8369443107045418,0.8835020422660274,0.8825004477879277,31.175257731958762,39.88461538461539,33.67279411764706,81.74999999999997,94.44999999999997,88.44999999999999,0,1.1106375421772332,284,286,196,90,True,0.8658321296742096,0.9080092345942106,0.9102632993014508,32.484693877551024,42.355555555555554,35.59090909090909,85.0,80.0,81.75,32.331090174966356,743,8,751,45.04545454545455,34.40909090909091,142364.7,176,24,200,277.765,354.09999999999997,47060.0,40829.0,"[41429.0, 47060.0]","[41429.0, 47012.0]","[40829.0, 52175.0]",True,False,delivery_complete,delivery_complete,6231,5631.0,5583.0,6231.0,600.0,300.0,5.6,8,3,0.5683333333333334,600.0,delivery
K200_4,200,primary,2026,2.21,1.8177,23.01,1.92,110,1.014,1.559,28,22.222,0,0.0,6,1.052,9,1.533,0.0,8,0.975,9,1.586,0.0,9,1.04,11,1.702,0.0,6,1.006,6,1.216,94.95000000000002,78.30000000000001,14,14,8,5.965,186,13,1,15,3.854,0.0,0.0,28,9.438,4.383,13,2.183,123.9,0.435,EV3|EV4,0.0,0.0,1.023,1.459,0.16,42.63,delivery,0.0,678.5,135705.6,135705.6,135628.1,32.29509713228492,36.729166666666664,200,200,0,0.0,1484.02,2311.05,0,1.0523615779232267,274,275,189,86,False,0.8803774188389573,0.8935078719264108,0.8929016189290162,29.015873015873016,40.093023255813954,32.48,75.6,94.75,82.90000000000003,0,0.9752343888200955,266,266,189,77,False,0.8730209499440269,0.894746152485406,0.8941469489414695,33.13756613756614,38.116883116883116,34.578947368421055,92.19999999999999,88.0,90.75,0,1.0405094640014152,271,272,184,88,True,0.8426355349432273,0.8857243941270122,0.8884540117416829,32.11413043478261,43.27272727272727,35.724264705882355,82.69999999999999,94.94999999999997,86.44999999999999,0,1.0051300194586945,268,268,183,85,True,0.8339996801535263,0.8581284273836901,0.8587439957302971,26.852459016393443,25.294117647058822,26.35820895522388,77.0,76.39999999999998,77.64999999999998,30.345013477088948,742,4,746,41.30357142857143,32.154761904761905,135705.6,168,32,200,266.8,379.0,47082.0,40829.0,"[41429.0, 47082.0]","[41429.0, 47050.0]","[40829.0, 52175.0]",True,False,delivery_complete,delivery_complete,6253,5653.0,5621.0,6253.0,600.0,300.0,6.4,13,4,0.6075,600.0,delivery
K200_5,200,primary,42,2.26,1.2277,24.04,2.04,126,1.013,1.482,28,22.222,0,0.0,5,0.95,9,1.451,0.0,6,1.076,7,1.513,0.0,9,1.129,9,1.604,0.0,8,1.078,9,1.516,83.75,79.0,18,18,9,6.0,182,18,0,14,4.079,0.0,0.0,28,8.854,4.181,12,2.005,125.4,0.425,EV3|EV4,0.0,0.0,1.104,1.56,0.17,42.43,delivery,0.0,680.0,135995.0,135995.0,135842.5,31.403389830508473,36.225903614457835,200,200,0,0.0,1539.205,2329.0999999999995,0,0.9501500500166722,284,286,199,87,False,0.9261897544710518,0.938646215405135,0.9380053908355795,30.56281407035176,33.49425287356322,31.454545454545453,71.19999999999999,75.50000000000001,72.75,0,1.0756918972990996,294,296,214,82,False,0.8966353440436496,0.9244748249416472,0.9236859838274932,27.621495327102803,39.40243902439025,30.885135135135137,74.69999999999999,83.95,82.25,0,1.1288762920973658,300,301,214,87,True,0.8939072446195817,0.9279759919973325,0.9272237196765498,31.060747663551403,36.97701149425287,32.77076411960133,74.0,86.10000000000001,78.0,0,1.0781927309103034,296,297,221,76,True,0.8729918157017278,0.9008002667555852,0.8997641509433962,28.90950226244344,35.06578947368421,30.484848484848484,75.0,76.25,76.19999999999999,29.407363420427554,842,13,855,41.506024096385545,30.94578313253012,135995.0,166,34,200,265.58,353.3499999999999,47422.0,40824.0,"[41424.0, 47422.0]","[41424.0, 47360.0]","[40824.0, 52138.0]",True,False,delivery_complete,delivery_complete,6598,5998.0,5936.0,6598.0,600.0,300.0,6.2,7,3,0.5966666666666667,600.0,delivery
K200_5,200,primary,7,1.44,1.2605,24.04,2.0,126,1.037,1.489,30,22.222,0,0.0,6,1.041,8,1.541,0.0,7,1.032,7,1.436,0.0,7,0.99,8,1.414,0.0,6,0.988,8,1.398,86.0,84.0,17,17,8,5.99,183,17,0,13,3.769,0.0,0.0,30,8.855,4.192,12,2.02,125.1,0.45,EV3|EV4,0.0,0.0,0.989,1.406,0.12,42.32,delivery,0.0,676.4,135280.6,135280.6,135055.6,30.83275261324042,34.25284090909091,200,200,0,0.0,1536.72,2347.5499999999997,0,1.0412198391420913,296,298,205,93,False,0.8967722289890377,0.9142091152815014,0.9128807214565254,29.658536585365855,37.39784946236559,32.07382550335571,82.59999999999997,86.39999999999999,86.0,0,1.032004021447721,286,286,208,78,False,0.8865712545676004,0.9183981233243967,0.9181555215245873,31.298076923076923,29.025641025641026,30.678321678321677,83.64999999999998,67.19999999999993,81.25,0,0.989946380697051,279,279,195,84,True,0.8652557856272838,0.9120308310991957,0.9106687085247576,28.68717948717949,35.083333333333336,30.612903225806452,80.0,83.94999999999996,80.09999999999997,0,0.9876005361930295,283,285,188,97,True,0.8640377588306942,0.9036528150134048,0.9021609664794964,27.420212765957448,34.72164948453608,29.905263157894737,70.30000000000001,86.39999999999986,82.00000000000006,29.343434343434343,792,8,800,39.70454545454545,28.801136363636363,135280.6,176,24,200,264.27,362.0,47392.0,40824.0,"[41424.0, 47392.0]","[41424.0, 47301.0]","[40824.0, 52138.0]",True,False,delivery_complete,delivery_complete,6568,5968.0,5877.0,6568.0,600.0,300.0,5.6,8,3,0.5683333333333334,600.0,delivery
K200_5,200,primary,2026,2.22,1.2702,24.04,2.12,126,1.03,1.532,28,22.222,0,0.0,7,1.053,8,1.7,0.0,7,1.007,7,1.363,0.0,6,0.945,7,1.458,0.0,7,1.053,8,1.544,82.65,86.0,23,23,12,5.965,177,23,0,14,3.973,0.0,0.0,34,9.095,4.266,14,2.092,126.9,0.435,EV3|EV4,0.0,0.0,0.999,1.501,0.16,42.48,delivery,0.0,697.9,139581.1,139581.1,139488.6,32.66903283052351,37.044642857142854,200,200,0,0.0,1542.985,2352.5499999999993,0,1.0531271015467385,286,287,210,77,False,0.8558338423946243,0.8658372562205784,0.86497461928934,32.41428571428571,45.8051948051948,36.00696864111498,76.54999999999998,89.60000000000002,82.69999999999999,0,1.0065568258238062,283,283,188,95,False,0.8559865607819181,0.874915938130464,0.8742808798646362,28.03191489361702,32.294736842105266,29.462897526501767,78.95000000000002,79.6,79.89999999999998,0,0.9450235373234701,265,265,190,75,True,0.8092547342700062,0.8468392737054472,0.8482233502538071,31.731578947368423,36.54666666666667,33.094339622641506,83.54999999999998,82.09999999999995,83.79999999999998,0,1.0521183591123067,291,292,203,89,True,0.8645387904703726,0.890551445864156,0.8898477157360406,30.862068965517242,34.95505617977528,32.10958904109589,76.79999999999995,79.79999999999995,77.44999999999999,30.757614213197968,788,6,794,42.125,31.964285714285715,139581.1,168,32,200,270.52,362.2999999999999,47372.0,40824.0,"[41424.0, 47372.0]","[41424.0, 47334.0]","[40824.0, 52138.0]",True,False,delivery_complete,delivery_complete,6548,5948.0,5910.0,6548.0,600.0,300.0,6.4,13,4,0.6075,600.0,delivery
K200_6,200,primary,42,1.36,5.8857,27.18,2.5,122,1.036,1.587,28,22.222,0,0.0,10,1.025,11,1.525,0.0,7,1.046,8,1.648,0.0,11,1.125,11,1.642,0.0,9,1.0,9,1.433,89.75,75.75,25,25,12,6.0,175,24,1,16,4.172,0.0,0.0,33,8.617,3.974,15,2.077,127.2,0.425,EV3|EV4,0.0,0.0,1.062,1.538,0.17,42.45,delivery,0.0,710.3,142065.3,142065.3,141875.3,33.37040065412919,40.04819277108434,200,200,0,0.0,1516.61,2441.4999999999986,0,1.0249960943602563,303,304,230,74,False,0.9068704470789887,0.9167317606623965,0.9168247944339026,30.821739130434782,40.486486486486484,33.17434210526316,73.0,79.35,73.84999999999997,0,1.0465552257459771,312,313,230,83,False,0.8781602628195972,0.9025152319950008,0.9013282732447818,31.56086956521739,40.30120481927711,33.87859424920128,83.0,83.59999999999997,83.39999999999998,0,1.1251366973910326,312,312,222,90,True,0.8688758748750178,0.8984533666614591,0.8976913345983555,32.41891891891892,39.51111111111111,34.46474358974359,83.69999999999993,95.49999999999997,87.44999999999999,0,0.9996875488204968,293,294,209,85,True,0.8678760177117555,0.8934541477894079,0.8921568627450981,28.56937799043062,39.98823529411764,31.87074829931973,77.6,82.39999999999999,79.34999999999997,30.90990990990991,888,8,896,45.04819277108434,35.04819277108434,142065.3,166,34,200,275.845,368.7499999999998,47806.0,40805.0,"[41405.0, 47806.0]","[41405.0, 47729.0]","[40805.0, 52192.0]",True,False,delivery_complete,delivery_complete,7001,6401.0,6324.0,7001.0,600.0,300.0,6.2,7,3,0.5966666666666667,600.0,delivery
K200_6,200,primary,7,1.32,5.8661,27.18,2.5,123,1.026,1.565,30,22.222,0,0.0,7,0.98,11,1.537,0.0,7,1.072,9,1.593,0.0,9,1.082,9,1.687,0.0,8,1.01,8,1.451,102.25,90.0,25,25,10,5.99,175,24,1,14,3.997,0.0,0.0,33,8.813,3.979,15,2.271,127.2,0.45,EV3|EV4,0.0,0.0,1.046,1.569,0.12,42.52,delivery,0.0,726.7,145334.6,145334.6,145227.1,33.545155993431855,41.24431818181818,200,200,0,0.0,1515.49,2421.049999999999,0,0.9796620775969962,301,302,202,100,False,0.853403890160183,0.865613266583229,0.8667296786389413,28.465346534653467,44.37,33.7317880794702,76.94999999999999,88.05,85.0,0,1.071964956195244,310,310,221,89,False,0.8438215102974829,0.8695244055068836,0.8711405166981726,30.533936651583712,40.98876404494382,33.535483870967745,88.0,101.6,92.55000000000001,0,1.0824468085106382,312,313,231,82,True,0.8432494279176201,0.8848560700876095,0.8840579710144928,32.142857142857146,42.34146341463415,34.814696485623,81.5,102.80000000000001,91.0,0,1.010325406758448,293,293,212,81,True,0.8363844393592678,0.8707759699624531,0.869880277252678,30.2688679245283,36.55555555555556,32.00682593856655,88.89999999999998,87.0,88.39999999999998,30.458333333333332,864,7,871,50.42045454545455,32.06818181818182,145334.6,176,24,200,281.72,379.2999999999999,47797.0,40805.0,"[41405.0, 47797.0]","[41405.0, 47753.0]","[40805.0, 52192.0]",True,False,delivery_complete,delivery_complete,6992,6392.0,6348.0,6992.0,600.0,300.0,5.6,8,3,0.5683333333333334,600.0,delivery
K200_6,200,primary,2026,1.4,5.8703,27.18,2.5,123,0.948,1.37,28,22.222,0,0.0,9,0.937,10,1.357,0.0,7,0.958,7,1.382,0.0,8,0.949,11,1.318,0.0,7,0.979,8,1.43,86.90000000000003,78.0,19,19,10,5.965,181,18,1,14,3.498,0.0,0.0,32,8.451,3.928,11,1.989,125.4,0.435,EV3|EV4,0.0,0.0,0.964,1.374,0.16,42.66,delivery,0.0,690.7,138133.6,138133.6,138048.6,30.57508532423208,37.80357142857143,200,200,0,0.0,1509.655,2402.999999999999,0,0.9373433583959899,292,292,212,80,False,0.8588201603665521,0.868421052631579,0.8724208536777446,26.21698113207547,42.1875,30.59246575342466,73.0,92.24999999999999,77.0,0,0.9578634085213033,294,294,204,90,False,0.8412084765177549,0.8574561403508771,0.8580878878563554,27.073529411764707,39.22222222222222,30.792517006802722,73.0,84.64999999999999,79.34999999999997,0,0.9487781954887218,285,285,199,86,True,0.818012600229095,0.8538533834586466,0.8543077650023626,28.201005025125628,33.72093023255814,29.866666666666667,75.1,75.0,75.80000000000001,0,0.9782268170426065,300,301,221,80,True,0.8373424971363116,0.8590225563909775,0.8582453929752717,29.13574660633484,36.2125,31.016611295681063,77.0,78.0,78.0,27.65988023952096,835,1,836,43.05952380952381,32.54761904761905,138133.6,168,32,200,269.81,348.04999999999995,47789.0,40805.0,"[41405.0, 47789.0]","[41405.0, 47754.0]","[40805.0, 52192.0]",True,False,delivery_complete,delivery_complete,6984,6384.0,6349.0,6984.0,600.0,300.0,6.4,13,4,0.6075,600.0,delivery
K200_7,200,primary,42,1.42,2.7397,29.77,2.4,121,1.02,1.485,28,22.222,0,0.0,7,1.085,8,1.599,0.0,6,0.955,6,1.371,0.0,6,1.036,7,1.486,0.0,9,1.0,9,1.384,77.0,76.0,14,14,10,6.0,186,14,0,16,4.082,0.0,0.0,26,7.784,3.651,10,1.758,124.2,0.425,EV3|EV4,0.0,0.0,1.018,1.435,0.17,42.53,delivery,0.0,674.2,134845.6,134845.6,134778.1,31.81083202511774,36.015060240963855,200,200,0,0.0,1683.15,2609.8499999999995,0,1.085122022934431,335,335,254,81,False,0.9194812212915429,0.9298735665980594,0.9295837023914969,31.484251968503937,39.20987654320987,33.35223880597015,79.69999999999999,77.0,79.60000000000002,0,0.9553072625698324,309,309,229,80,False,0.8821940016211834,0.9054689797118495,0.9072925893120756,27.807860262008735,38.4625,30.566343042071196,67.19999999999999,78.1,71.0,0,1.0357247868274038,321,321,238,83,True,0.8839502837071062,0.9131137900617465,0.912754650132861,31.26050420168067,34.44578313253012,32.08411214953271,72.0,72.79999999999998,72.0,0,1.0,309,309,221,88,True,0.8628748986760335,0.8865039694207586,0.8876586950103337,30.61085972850679,32.32954545454545,31.100323624595468,78.0,76.24999999999996,78.0,30.32908704883227,942,3,945,41.31325301204819,30.716867469879517,134845.6,166,34,200,264.77,348.0,48281.0,40879.0,"[41479.0, 48281.0]","[41479.0, 48253.0]","[40879.0, 52188.0]",True,False,delivery_complete,delivery_complete,7402,6802.0,6774.0,7402.0,600.0,300.0,6.2,7,3,0.5966666666666667,600.0,delivery
K200_7,200,primary,7,1.37,2.7508,29.77,2.4,121,0.979,1.352,30,22.222,0,0.0,5,0.952,7,1.348,0.0,5,1.005,9,1.356,0.0,7,1.064,9,1.696,0.0,9,0.951,9,1.461,87.25,82.25,16,16,7,5.99,184,16,0,14,3.968,0.0,0.0,26,7.905,3.667,13,1.893,124.8,0.45,EV3|EV4,0.0,0.0,1.008,1.578,0.12,42.56,delivery,0.0,687.8,137551.9,137551.9,137339.4,31.963108320251177,36.59943181818182,200,200,0,0.0,1684.62,2604.899999999999,0,0.9522480164560682,322,323,227,96,False,0.8525519848771267,0.8639435791948281,0.8633928571428572,26.788546255506606,35.791666666666664,29.46439628482972,76.69999999999999,84.25,81.0,0,1.0049955921245959,318,319,228,91,False,0.8702403456656764,0.8967087863649721,0.896875,28.45175438596491,32.54945054945055,29.620689655172413,79.94999999999993,76.0,81.0,0,1.0646488392594768,331,332,244,88,True,0.8718606535241696,0.913458712900382,0.9123511904761905,33.50409836065574,39.56818181818182,35.11144578313253,86.39999999999998,89.0,88.44999999999999,0,0.9512195121951219,300,300,223,77,True,0.8453956251687821,0.8784895680282104,0.8790178571428572,31.816143497757846,39.0,33.66,85.89999999999998,80.2,82.15000000000003,30.227421109902068,919,6,925,43.07954545454545,30.119318181818183,137551.9,176,24,200,269.035,354.04999999999995,48285.0,40879.0,"[41479.0, 48285.0]","[41479.0, 48199.0]","[40879.0, 52188.0]",True,False,delivery_complete,delivery_complete,7406,6806.0,6720.0,7406.0,600.0,300.0,5.6,8,3,0.5683333333333334,600.0,delivery
K200_7,200,primary,2026,1.35,2.7563,29.77,2.25,121,0.954,1.257,28,22.222,0,0.0,7,0.925,7,1.212,0.0,8,0.983,8,1.301,0.0,8,0.954,7,1.181,0.0,7,0.921,8,1.275,77.65,69.65,17,17,8,5.965,183,17,0,14,3.349,0.0,0.0,26,7.686,3.689,10,1.621,125.1,0.435,EV3|EV4,0.0,0.0,0.937,1.228,0.16,42.51,delivery,0.0,666.9,133387.2,133387.2,133322.2,28.12807881773399,32.717261904761905,200,200,0,0.0,1682.85,2616.2499999999995,0,0.9246534945443822,303,306,211,95,False,0.8692766188024925,0.8792391624889413,0.8787564766839379,26.165876777251185,30.126315789473683,27.395424836601308,67.5,76.0,73.0,0,0.9831907991742849,311,313,235,78,False,0.8405581143321593,0.8557947508109702,0.8552183567727609,27.24255319148936,33.43589743589744,28.78594249201278,73.59999999999997,80.59999999999997,75.39999999999998,0,0.954438218814509,296,297,216,81,True,0.7851530750474126,0.8159834856974344,0.8152479644707624,25.800925925925927,30.506172839506174,27.084175084175083,74.0,72.0,73.19999999999999,0,0.9200825715128281,302,302,220,82,True,0.822947710647521,0.8420819817163079,0.8414507772020725,26.23181818181818,37.21951219512195,29.21523178807947,68.09999999999997,76.85000000000001,71.0,26.205479452054796,876,13,889,37.416666666666664,28.017857142857142,133387.2,168,32,200,260.67,342.09999999999997,48261.0,40879.0,"[41479.0, 48261.0]","[41479.0, 48234.0]","[40879.0, 52188.0]",True,False,delivery_complete,delivery_complete,7382,6782.0,6755.0,7382.0,600.0,300.0,6.4,13,4,0.6075,600.0,delivery
K200_8,200,primary,42,1.35,2.4566,26.89,1.71,95,1.087,1.597,28,22.222,0,0.0,11,1.115,10,1.528,0.0,7,1.06,7,1.667,0.0,8,1.056,9,1.581,0.0,8,0.954,8,1.317,86.0,75.25,0,0,8,6.0,200,0,0,13,4.19,0.0,0.0,20,8.182,3.774,11,1.903,120.0,0.425,EV3|EV4,0.0,0.0,1.005,1.449,0.17,42.23,delivery,0.0,650.5,130090.0,130090.0,129900.0,32.484426229508195,36.45783132530121,200,200,0,0.0,1584.49,2472.249999999999,0,1.1152696964931592,317,317,236,81,False,0.9297312832303491,0.9418147507469727,0.9415791149315504,30.923728813559322,33.98765432098765,31.706624605678233,74.0,74.0,74.0,0,1.0600723384179902,311,313,237,76,False,0.9054461847966662,0.9325365623525712,0.9317096466093601,31.78481012658228,41.89473684210526,34.239616613418534,75.79999999999995,86.0,83.0,0,1.0555118729359962,302,303,212,91,True,0.8959620635148728,0.9282906117314043,0.9274116523400191,31.669811320754718,39.27472527472528,33.95379537953795,69.44999999999999,89.0,77.89999999999998,0,0.9545526026104734,286,287,203,84,True,0.8531398189395027,0.8774964617078157,0.8759949060808659,29.467980295566502,30.86904761904762,29.878048780487806,74.89999999999998,63.849999999999994,71.0,31.022650056625142,883,7,890,39.27710843373494,33.63855421686747,130090.0,166,34,200,260.18,335.09999999999997,47759.0,40800.0,"[41400.0, 47759.0]","[41400.0, 47682.0]","[40800.0, 52140.0]",True,False,delivery_complete,delivery_complete,6959,6359.0,6282.0,6959.0,600.0,300.0,6.2,7,3,0.5966666666666667,600.0,delivery
K200_8,200,primary,7,1.34,2.4566,26.89,1.71,96,0.985,1.355,30,22.222,0,0.0,7,1.032,8,1.423,0.0,4,0.938,7,1.287,0.0,7,1.001,7,1.43,0.0,8,1.005,7,1.384,80.0,83.25,0,0,8,5.99,200,0,0,12,3.697,0.0,0.0,23,8.003,3.738,10,1.828,120.0,0.45,EV3|EV4,0.0,0.0,1.003,1.407,0.12,42.48,delivery,0.0,642.2,128445.0,128445.0,128185.0,29.692874692874692,33.33522727272727,200,200,0,0.0,1582.795,2476.6499999999983,0,1.0319364386976164,322,322,231,91,False,0.8907251745262857,0.906371708988939,0.9075071270193221,27.458874458874458,34.37362637362637,29.41304347826087,69.0,85.0,71.94999999999999,0,0.9376849976631874,294,296,208,88,False,0.870921783729876,0.8990496962143636,0.8973709217611656,25.8125,35.23863636363637,28.614864864864863,68.94999999999993,84.29999999999998,79.0,0,1.0007789375292102,301,302,223,79,True,0.8623735574868214,0.9055927714597289,0.912258473234083,30.47982062780269,31.341772151898734,30.705298013245034,68.89999999999998,83.19999999999999,74.0,0,1.004829412681103,301,301,207,94,True,0.8585268556774469,0.8948434335566288,0.8930947101678809,29.043478260869566,32.223404255319146,30.036544850498338,75.69999999999999,69.35,75.0,28.174364896073904,866,8,874,35.59090909090909,31.079545454545453,128445.0,176,24,200,256.89,338.2999999999999,47819.0,40800.0,"[41400.0, 47819.0]","[41400.0, 47714.0]","[40800.0, 52140.0]",True,False,delivery_complete,delivery_complete,7019,6419.0,6314.0,7019.0,600.0,300.0,5.6,8,3,0.5683333333333334,600.0,delivery
K200_8,200,primary,2026,1.28,2.4566,26.89,1.71,96,0.925,1.35,28,22.222,0,0.0,6,0.865,6,1.282,0.0,9,0.985,10,1.417,0.0,8,0.974,8,1.414,0.0,7,1.052,9,1.418,88.30000000000001,79.30000000000001,0,0,7,5.965,200,0,0,15,3.74,0.0,0.0,22,8.115,3.8,10,1.791,120.0,0.435,EV3|EV4,0.0,0.0,1.013,1.416,0.16,42.48,delivery,0.0,640.5,128110.0,128110.0,128032.5,30.61492281303602,33.654761904761905,200,200,0,0.0,1580.53,2446.4999999999977,0,0.8650617675007919,271,271,197,74,False,0.8397454440266127,0.8476401647133355,0.8468640560331104,30.289340101522843,32.36486486486486,30.85608856088561,80.19999999999999,79.35,80.0,0,0.9846373139056066,295,295,207,88,False,0.850159097483367,0.8674374406081723,0.8681948424068768,28.884057971014492,36.375,31.11864406779661,85.0,87.64999999999999,87.30000000000001,0,0.9743427304402914,292,292,207,85,True,0.8377205669655771,0.8758314855875832,0.8761540910538045,28.33816425120773,36.89411764705882,30.828767123287673,78.69999999999999,96.59999999999998,85.89999999999998,0,1.0511561609122584,308,308,219,89,True,0.8680937228811108,0.8929363319607222,0.8944603629417383,30.031963470319635,28.9438202247191,29.717532467532468,83.29999999999998,77.0,82.64999999999998,29.41978287092883,829,3,832,38.404761904761905,28.904761904761905,128110.0,168,32,200,256.22,342.2999999999999,47714.0,40800.0,"[41400.0, 47714.0]","[41400.0, 47682.0]","[40800.0, 52140.0]",True,False,delivery_complete,delivery_complete,6914,6314.0,6282.0,6914.0,600.0,300.0,6.4,13,4,0.6075,600.0,delivery
K200_9,200,primary,42,1.26,5.7257,25.43,2.16,121,1.031,1.523,28,22.222,0,0.0,6,1.101,10,1.488,0.0,5,0.96,7,1.559,0.0,9,1.036,9,1.411,0.0,7,1.093,8,1.529,77.75,84.0,12,12,9,6.0,186,9,5,18,4.061,0.0,0.0,33,8.614,4.042,12,1.925,122.7,0.425,EV3|EV4,0.0,0.0,1.064,1.47,0.17,42.31,delivery,0.0,585.0,117001.2,117001.2,116916.8,31.235096557514694,35.21084337349398,200,200,0,0.0,1468.025,2307.3999999999987,0,1.1009718333058804,314,314,230,84,False,0.9216009593764053,0.9334541261736122,0.9386604774535809,28.891304347826086,32.42857142857143,29.837579617834393,78.54999999999998,85.69999999999999,80.0,0,0.9606325152363696,286,287,206,81,False,0.8794783390795983,0.9052874320540274,0.9046750663129973,31.00485436893204,39.01234567901235,33.26480836236934,85.75,84.0,84.69999999999999,0,1.035249547026849,294,294,207,87,True,0.8886223954429621,0.921759183001153,0.9214190981432361,28.22222222222222,34.06896551724138,29.952380952380953,72.0,71.4,72.0,0,1.092900675341789,296,296,216,80,True,0.8718333083495727,0.8991928842035909,0.9046750663129973,30.72685185185185,35.525,32.023648648648646,78.75,77.19999999999999,78.75,29.71794871794872,858,3,861,38.3433734939759,32.07831325301205,117001.2,166,34,200,261.51,355.09999999999997,47476.0,40805.0,"[41405.0, 47476.0]","[41405.0, 47437.0]","[40805.0, 52167.0]",True,False,delivery_complete,delivery_complete,6671,6071.0,6032.0,6671.0,600.0,300.0,6.2,7,3,0.5966666666666667,600.0,delivery
K200_9,200,primary,7,1.28,5.7377,25.43,2.25,122,1.051,1.505,30,22.222,0,0.0,9,1.121,10,1.546,0.0,6,0.982,7,1.465,0.0,6,1.023,7,1.513,0.0,10,1.045,10,1.624,84.25,81.25,13,13,9,5.99,185,11,4,14,4.023,0.0,0.0,30,8.834,4.034,14,2.125,123.3,0.45,EV3|EV4,0.0,0.0,1.034,1.568,0.12,42.53,delivery,0.0,607.2,121436.7,121436.7,121332.2,32.66921768707483,36.90340909090909,200,200,0,0.0,1470.375,2338.1999999999994,0,1.1207460732984293,308,309,230,79,False,0.8748510131108462,0.8897251308900523,0.8896767810026385,31.495652173913044,32.45569620253165,31.741100323624597,83.09999999999997,80.1,81.59999999999997,0,0.981675392670157,280,280,193,87,False,0.8764898688915376,0.90657722513089,0.9058377308707124,30.38860103626943,37.89655172413793,32.72142857142857,70.0,78.10000000000001,75.05000000000001,0,1.0230693717277486,296,297,201,96,True,0.8528009535160905,0.8972513089005235,0.8984168865435356,28.90547263681592,36.833333333333336,31.468013468013467,78.0,81.25,80.0,0,1.044502617801047,289,290,200,90,True,0.858015494636472,0.8961060209424084,0.8952836411609498,32.55,39.922222222222224,34.83793103448276,80.09999999999997,89.74999999999999,84.65000000000003,30.841075794621027,818,11,829,43.4375,30.369318181818183,121436.7,176,24,200,270.005,361.09999999999997,47517.0,40805.0,"[41405.0, 47517.0]","[41405.0, 47469.0]","[40805.0, 52167.0]",True,False,delivery_complete,delivery_complete,6712,6112.0,6064.0,6712.0,600.0,300.0,5.6,8,3,0.5683333333333334,600.0,delivery
K200_9,200,primary,2026,2.02,5.7153,25.43,2.205,121,0.989,1.457,28,22.222,0,0.0,6,0.999,7,1.431,0.0,7,0.979,7,1.483,0.0,5,0.938,7,1.44,0.0,8,1.032,9,1.603,88.65,82.65,12,12,9,5.965,186,11,3,14,3.777,0.0,0.0,31,8.9,4.052,12,2.178,123.3,0.435,EV3|EV4,0.0,0.0,0.985,1.521,0.16,42.71,delivery,0.0,609.7,121941.4,121941.4,121845.8,32.29859894921191,39.458333333333336,200,200,0,0.0,1473.585,2327.2,0,0.999342645850452,284,284,208,76,False,0.8568436798803291,0.866721446179129,0.8657507035259063,28.591346153846153,38.98684210526316,31.37323943661972,77.29999999999995,89.5,84.0,0,0.9786359901396877,275,276,189,87,False,0.8604338070306656,0.8793755135579293,0.8784969375931138,30.12169312169312,39.827586206896555,33.18115942028985,82.79999999999998,85.10000000000001,84.0,0,0.9385373870172555,279,280,197,83,True,0.8309648466716529,0.8698438783894823,0.8751862274457871,27.82233502538071,40.674698795180724,31.632142857142856,85.79999999999995,86.79999999999998,87.10000000000002,0,1.0308956450287592,302,302,212,90,True,0.8584891548242334,0.8833196384552178,0.8829663962920047,30.68867924528302,38.37777777777778,32.980132450331126,80.0,81.55,80.94999999999999,29.366915422885572,804,5,809,43.226190476190474,35.69047619047619,121941.4,168,32,200,270.815,356.04999999999995,47490.0,40805.0,"[41405.0, 47490.0]","[41405.0, 47446.0]","[40805.0, 52167.0]",True,False,delivery_complete,delivery_complete,6685,6085.0,6041.0,6685.0,600.0,300.0,6.4,13,4,0.6075,600.0,delivery
K300_1,300,extreme,42,2.93,1.8633,15.8,1.84,150,1.301,2.194,43,33.333,0,0.0,8,1.35,12,2.361,0.0,7,1.253,11,2.027,0.0,9,1.336,11,2.185,0.0,8,1.328,13,2.076,95.0,89.69999999999999,6,6,12,6.037,293,5,2,19,4.985,0.0,0.0,43,14.559,6.404,18,3.664,121.0,0.4233,EV3|EV4,0.0,0.0,1.332,2.13,0.1767,42.72666666666667,delivery,0.0,614.1,184238.6,184238.6,184071.9,38.76149649259548,42.036437246963565,300,300,0,0.0,1375.3966666666668,2173.4500000000003,0,1.3497441326980766,340,341,207,134,False,0.942237115047072,0.9571201694017999,0.9565372920765516,38.52173913043478,42.62686567164179,40.13489736070381,88.09999999999997,90.69999999999999,90.0,0,1.2528674783836244,309,310,191,119,False,0.9230891973831179,0.9553555673195694,0.9547487032731176,34.1151832460733,41.747899159663866,37.04516129032258,92.5,91.1,92.0,0,1.336156696664902,314,315,198,117,True,0.9112813148236796,0.9491794600317628,0.9484886424610982,37.656565656565654,44.162393162393165,40.073015873015876,97.14999999999998,95.19999999999999,97.0,0,1.3285689077113112,317,317,193,124,True,0.9085686931546194,0.9417681312863949,0.940976569486675,36.36787564766839,39.66935483870968,37.65930599369085,105.19999999999993,87.85,96.39999999999998,36.75826972010178,786,12,798,49.1578947368421,34.91497975708502,184238.6,247,53,300,275.07,388.15000000000003,47070.0,40803.0,"[41403.0, 47070.0]","[41403.0, 46994.0]","[40803.0, 52197.0]",True,False,delivery_complete,delivery_complete,6267,5667.0,5591.0,6267.0,600.0,300.0,6.2,7,3,0.5966666666666667,600.0,delivery
K300_1,300,extreme,7,2.93,1.875,15.8,1.8666666666666667,150,1.321,1.98,43,33.333,0,0.0,11,1.332,11,1.906,0.0,11,1.309,10,2.055,0.0014,12,1.254,11,2.123,0.0,9,1.282,12,1.987,93.0,87.14999999999998,5,5,11,5.89,294,5,1,13,4.182,0.0,0.0,41,14.834,6.451,17,3.888,121.0,0.4733,EV3|EV4,0.0,0.0014,1.268,2.055,0.14,42.89333333333333,delivery,0.0,620.8,186247.8,186247.8,186161.1,36.62866191607284,42.39728682170543,300,300,0,0.0,1378.7,2187.3500000000004,0,1.332385353714895,329,329,203,126,False,0.8984902023771282,0.917170280838962,0.916577157178661,32.995073891625616,34.63492063492063,33.62310030395137,85.0,80.5,84.59999999999997,0,1.309278350515464,311,312,184,128,False,0.8803405075489881,0.9134376110913616,0.9160401002506265,32.14673913043478,45.84375,37.76602564102564,85.85,95.64999999999999,93.0,0,1.2543547813722005,321,321,171,150,True,0.8646000642467073,0.9141485958051901,0.9140708915145005,33.75438596491228,41.913333333333334,37.56697819314642,86.0,88.54999999999998,88.0,0,1.282260931389975,300,301,189,112,True,0.8690973337616447,0.91166014930679,0.9110275689223057,31.746031746031747,47.839285714285715,37.73421926910299,76.39999999999998,93.44999999999999,86.0,32.70469798657718,745,5,750,47.542635658914726,37.251937984496124,186247.8,258,42,300,278.23333333333335,380.1,47029.0,40803.0,"[41403.0, 47029.0]","[41403.0, 46989.0]","[40803.0, 52197.0]",True,False,delivery_complete,delivery_complete,6226,5626.0,5586.0,6226.0,600.0,300.0,5.6,8,3,0.5683333333333334,600.0,delivery
K300_1,300,extreme,2026,1.76,1.854,15.8,1.8133333333333332,151,1.221,1.835,39,33.333,0,0.0,8,1.224,9,1.813,0.0,8,1.218,8,1.856,0.0,11,1.36,11,2.297,0.0,9,1.293,11,2.147,99.75,93.0,11,11,13,5.977,288,10,2,14,4.266,0.0,0.0,45,14.821,6.464,21,3.847,122.0,0.4333,EV3|EV4,0.0,0.0,1.327,2.222,0.18,42.92,delivery,0.0,626.4,187933.1,187933.1,187813.1,37.75828617623282,44.27642276422764,300,300,0,0.0,1380.8033333333333,2191.3,0,1.223812047341459,293,293,175,118,False,0.8832454879412235,0.8966613672496025,0.9024259721726722,31.96,41.855932203389834,35.94539249146758,85.59999999999997,100.29999999999998,95.19999999999993,0,1.2181593358063947,306,307,194,113,False,0.8792525155725922,0.9016074898427839,0.9011773100249733,30.561855670103093,42.34513274336283,34.899022801302934,84.35,89.0,88.39999999999998,0,1.3601837131248895,314,314,184,130,True,0.8600862482031625,0.9049637873167284,0.912058508740635,36.52173913043478,49.07692307692308,41.71974522292994,95.54999999999998,100.84999999999998,97.0,0,1.2925278219395866,322,323,192,131,True,0.8921897460469573,0.9224518636283342,0.9216910453085979,34.796875,43.3587786259542,38.26934984520124,95.44999999999999,94.0,95.0,33.50471063257066,743,4,747,50.296747967479675,38.25609756097561,187933.1,246,54,300,279.7133333333333,384.1,47064.0,40803.0,"[41403.0, 47064.0]","[41403.0, 47009.0]","[40803.0, 52197.0]",True,False,delivery_complete,delivery_complete,6261,5661.0,5606.0,6261.0,600.0,300.0,6.4,13,4,0.6075,600.0,delivery
K300_2,300,extreme,42,2.19,1.7748,17.76,1.5299999999999998,128,1.392,2.271,43,33.333,0,0.0,8,1.382,11,2.423,0.0,9,1.401,9,2.118,0.0,9,1.199,9,1.909,0.0,8,1.286,8,1.946,92.39999999999998,87.0,0,0,12,6.037,276,0,24,17,4.883,0.0,0.0,33,13.774,5.995,13,3.514,120.0,0.4233,EV3|EV4,0.0,0.0,1.242,1.927,0.1767,42.75333333333333,delivery,0.0,878.1,263425.8,263425.8,263272.5,38.03563474387528,42.71052631578947,300,300,0,0.0,1326.5433333333333,2081.25,0,1.3822451698867422,349,353,235,118,False,0.9538158691701999,0.9690206528980679,0.9687762296457949,38.94468085106383,48.610169491525426,42.17563739376771,95.29999999999998,99.0,97.39999999999998,0,1.4013990672884744,351,352,219,133,False,0.931556632344034,0.9628580946035976,0.9632365284539197,34.70319634703196,39.36842105263158,36.46590909090909,93.19999999999999,87.0,91.44999999999999,0,1.1983677548301133,316,316,198,118,True,0.9039975772259237,0.9390406395736176,0.9385596776901125,34.23737373737374,41.1271186440678,36.81012658227848,84.44999999999993,82.74999999999996,84.75,0,1.2859760159893405,326,326,201,125,True,0.9130829800121139,0.9448700866089274,0.9457780762128588,32.85572139303483,42.192,36.43558282208589,87.0,91.0,88.0,35.425029515938604,847,9,856,47.25506072874494,38.16599190283401,263425.8,247,53,300,275.7,368.0,47404.0,40800.0,"[41400.0, 47404.0]","[41400.0, 47357.0]","[40800.0, 52183.0]",True,False,delivery_complete,delivery_complete,6604,6004.0,5957.0,6604.0,600.0,300.0,6.2,7,3,0.5966666666666667,600.0,delivery
K300_2,300,extreme,7,2.18,1.7748,17.76,1.5299999999999998,129,1.258,2.056,43,33.333,0,0.0,10,1.25,11,2.024,0.0,9,1.266,8,2.089,0.0,11,1.316,11,1.969,0.0,9,1.182,9,1.936,100.14999999999998,85.14999999999998,0,0,8,5.89,276,0,24,14,4.539,0.0,0.0,32,13.696,6.022,16,3.478,120.0,0.4733,EV3|EV4,0.0,0.0,1.249,1.952,0.14,42.78,delivery,0.0,870.1,261022.5,261022.5,260779.2,37.12423780487805,40.298449612403104,300,300,0,0.0,1322.8333333333333,2048.1000000000004,0,1.2502927890245943,330,333,198,135,False,0.8905275961684659,0.9073113602141543,0.9062605752961083,36.005050505050505,39.474074074074075,37.411411411411414,83.14999999999998,86.3,85.39999999999998,0,1.2661870503597121,333,334,204,130,False,0.9046677816633724,0.9382633428141208,0.9375634517766498,35.81372549019608,41.13076923076923,37.883233532934135,81.54999999999998,82.74999999999999,82.0,0,1.316546762589928,336,336,200,136,True,0.8912878211950738,0.940605655010875,0.939932318104907,32.37,39.76470588235294,35.36309523809524,83.34999999999988,97.5,91.25,0,1.1815291952484523,309,309,194,115,True,0.8996502964877604,0.9427806591935753,0.9428087986463621,36.103092783505154,40.95652173913044,37.909385113268605,91.0,98.6,97.19999999999993,35.14141414141414,792,13,805,46.763565891472865,33.833333333333336,261022.5,258,42,300,272.9066666666667,358.0,47377.0,40800.0,"[41400.0, 47377.0]","[41400.0, 47310.0]","[40800.0, 52183.0]",True,False,delivery_complete,delivery_complete,6577,5977.0,5910.0,6577.0,600.0,300.0,5.6,8,3,0.5683333333333334,600.0,delivery
K300_2,300,extreme,2026,2.36,1.7748,17.76,1.5299999999999998,127,1.165,1.891,39,33.333,0,0.0,7,1.145,9,1.893,0.0,7,1.184,8,1.89,0.0,7,1.177,10,1.892,0.0,7,1.27,7,1.809,91.5,84.75,0,0,12,5.977,276,0,24,13,4.3,0.0,0.0,33,13.272,5.968,12,3.184,120.0,0.4333,EV3|EV4,0.0,0.0,1.223,1.85,0.18,42.873333333333335,delivery,0.0,852.0,255598.1,255598.1,255471.4,35.526723470178155,39.03252032520325,300,300,0,0.0,1321.71,2074.15,0,1.145415354004311,329,330,208,122,False,0.9054441260744985,0.9202453987730062,0.9197263017356475,34.99519230769231,35.85245901639344,35.31212121212121,90.0,85.79999999999995,90.0,0,1.1838832697728403,319,319,207,112,False,0.9258030462976926,0.9514176753440557,0.9517690253671562,34.82608695652174,39.232142857142854,36.373040752351095,84.0,89.79999999999995,86.09999999999997,0,1.1767534405571216,313,314,188,126,True,0.8678932287739406,0.9107942298126347,0.9147196261682243,34.234042553191486,40.23809523809524,36.64331210191083,93.30000000000001,89.75,92.69999999999993,0,1.2691096003979438,328,328,196,132,True,0.8766400241290906,0.903498590615155,0.904539385847797,29.270408163265305,40.65151515151515,33.85060975609756,85.25,88.44999999999999,88.0,33.409033877038894,797,8,805,43.3089430894309,34.75609756097561,255598.1,246,54,300,266.8466666666667,355.15000000000003,47431.0,40800.0,"[41400.0, 47431.0]","[41400.0, 47392.0]","[40800.0, 52183.0]",True,False,delivery_complete,delivery_complete,6631,6031.0,5992.0,6631.0,600.0,300.0,6.4,13,4,0.6075,600.0,delivery
K300_3,300,extreme,42,2.52,2.9591,17.6,1.95,175,1.299,2.06,43,33.333,0,0.0,8,1.322,9,2.092,0.0,8,1.276,9,2.028,0.0,8,1.364,9,2.237,0.0,9,1.272,14,2.123,111.09999999999997,88.69999999999999,20,20,11,6.037,280,19,1,13,4.989,0.0,0.0,41,13.731,6.068,21,3.492,123.8,0.4233,EV3|EV4,0.0,0.0,1.318,2.18,0.1767,42.62,delivery,0.0,634.5,190360.3,190360.3,190284.7,38.90714812085483,43.26720647773279,300,300,0,0.0,1530.3233333333333,2326.3,0,1.3220588235294117,343,344,224,120,False,0.9434523809523809,0.9573529411764706,0.9571076417419885,34.495535714285715,45.13333333333333,38.20639534883721,86.85,91.1,89.5499999999999,0,1.276143790849673,346,346,217,129,False,0.9105654761904762,0.9392156862745098,0.9446179129005752,32.52995391705069,42.41860465116279,36.216763005780344,80.59999999999997,94.99999999999997,89.0,0,1.3642156862745098,347,347,212,135,True,0.9217261904761904,0.957843137254902,0.9605587510271159,39.66981132075472,40.888888888888886,40.14409221902017,92.89999999999998,103.0,99.09999999999997,0,1.2723856209150326,320,320,210,110,True,0.890922619047619,0.9199346405228758,0.9209531635168448,39.17619047619048,45.14545454545455,41.228125,96.54999999999998,105.69999999999996,97.05000000000001,36.438515081206496,862,2,864,51.064777327935225,35.469635627530366,190360.3,247,53,300,280.1533333333333,392.05,47523.0,40803.0,"[41403.0, 47523.0]","[41403.0, 47488.0]","[40803.0, 52190.0]",True,False,delivery_complete,delivery_complete,6720,6120.0,6085.0,6720.0,600.0,300.0,6.2,7,3,0.5966666666666667,600.0,delivery
K300_3,300,extreme,7,2.68,2.9483,17.6,2.04,177,1.266,1.88,43,33.333,0,0.0,9,1.312,10,1.905,0.0,11,1.22,10,1.856,0.0,9,1.271,10,1.98,0.0042,13,1.25,14,1.988,98.0,83.44999999999993,16,16,11,5.89,284,16,0,14,4.363,0.0,0.0,38,13.484,6.019,14,3.365,123.2,0.4733,EV3|EV4,0.0,0.0042,1.261,1.984,0.14,42.946666666666665,delivery,0.0,623.7,187114.4,187114.4,187001.1,35.883184523809526,40.05038759689923,300,300,0,0.0,1528.7566666666667,2314.65,0,1.312214983713355,347,347,206,141,False,0.8896142433234422,0.9058631921824104,0.9052233902759527,31.538834951456312,39.297872340425535,34.69164265129683,94.25,90.0,92.0,0,1.2201954397394137,327,329,218,111,False,0.877893175074184,0.9079804560260586,0.9071944809461235,32.30733944954128,41.22522522522522,35.3161094224924,85.14999999999998,85.0,85.59999999999997,0,1.2716612377850163,331,332,205,127,True,0.8744807121661721,0.9208469055374593,0.9201708278580815,35.009756097560974,39.425196850393704,36.69879518072289,86.0,96.69999999999999,88.44999999999999,0,1.2501628664495115,335,336,199,137,True,0.8798219584569733,0.9198697068403909,0.9254270696452037,34.391959798994975,40.45255474452555,36.86309523809524,82.19999999999999,98.0,91.25,33.37910085054678,823,8,831,44.47286821705426,35.627906976744185,187114.4,258,42,300,276.0233333333333,375.05,47543.0,40803.0,"[41403.0, 47543.0]","[41403.0, 47491.0]","[40803.0, 52190.0]",True,False,delivery_complete,delivery_complete,6740,6140.0,6088.0,6740.0,600.0,300.0,5.6,8,3,0.5683333333333334,600.0,delivery
K300_3,300,extreme,2026,2.83,2.9342,17.6,2.01,175,1.221,1.953,39,33.333,0,0.0,9,1.22,13,1.953,0.0,9,1.223,9,1.952,0.0,9,1.207,13,2.07,0.0,10,1.223,12,1.992,110.75,86.75,20,20,11,5.977,280,18,2,18,4.342,0.0,0.0,42,13.812,6.037,16,3.626,123.6,0.4333,EV3|EV4,0.0,0.0,1.215,2.031,0.18,42.99333333333333,delivery,0.0,638.2,191464.7,191464.7,191384.7,38.110344827586204,45.264227642276424,300,300,0,0.0,1533.2833333333333,2335.8500000000004,0,1.2198339032730825,328,328,199,129,False,0.8868120456905504,0.8995277642077838,0.9003931847968545,34.71356783919598,41.48837209302326,37.3780487804878,83.29999999999998,95.19999999999996,86.64999999999998,0,1.2229278619117407,329,329,206,123,False,0.8516540572615339,0.8695652173913043,0.8748361730013107,33.529126213592235,43.21138211382114,37.148936170212764,88.0,85.89999999999999,88.0,0,1.2072952287900993,325,325,213,112,True,0.8575878949710726,0.8987135645660316,0.9000655307994757,35.370892018779344,47.13392857142857,39.424615384615386,89.79999999999995,97.44999999999999,95.60000000000002,0,1.2221136622699886,323,323,195,128,True,0.8829550511793502,0.9099495196222114,0.9108781127129751,31.358974358974358,49.40625,38.5108359133127,84.59999999999997,110.84999999999992,100.79999999999995,33.781057810578105,813,0,813,50.390243902439025,40.13821138211382,191464.7,246,54,300,282.77666666666664,387.1,47544.0,40803.0,"[41403.0, 47544.0]","[41403.0, 47507.0]","[40803.0, 52190.0]",True,False,delivery_complete,delivery_complete,6741,6141.0,6104.0,6741.0,600.0,300.0,6.4,13,4,0.6075,600.0,delivery
K300_4,300,extreme,42,3.28,5.4545,21.16,2.53,174,1.235,1.801,43,33.333,0,0.0,10,1.315,12,1.934,0.0,8,1.155,9,1.668,0.0,10,1.104,12,1.859,0.0,10,1.197,12,1.776,103.69999999999999,96.69999999999999,7,7,13,6.037,268,7,25,14,4.27,0.0,0.0,44,11.711,5.145,17,2.968,121.4,0.4233,EV3|EV4,0.0,0.0,1.151,1.818,0.1767,42.76,delivery,0.0,874.0,262210.3,262210.3,262020.3,35.58088737201365,42.534412955465584,300,300,0,0.0,1547.9066666666668,2385.5,0,1.3147781859282284,397,397,267,130,False,0.9137796301120084,0.923283413393614,0.9257834757834758,31.573033707865168,43.06923076923077,35.3375314861461,82.69999999999999,96.0,89.39999999999998,0,1.1555524159367052,369,369,251,118,False,0.9028392810627768,0.9269567674484318,0.9283475783475783,30.314741035856574,36.58474576271186,32.31978319783198,88.0,87.0,87.0,0,1.1039841763209945,341,341,218,123,True,0.8510028653295129,0.8762362249222945,0.8756410256410256,34.80275229357798,47.26829268292683,39.2991202346041,100.04999999999984,111.69999999999997,107.0,0,1.1972308561740606,357,358,235,123,True,0.8756186506902839,0.8994066120372987,0.8985754985754986,31.863829787234042,42.94308943089431,35.67039106145251,85.0,97.69999999999997,93.0,32.06082474226804,970,1,971,48.96761133603239,36.10121457489878,262210.3,247,53,300,276.3333333333333,375.0,48478.0,40800.0,"[41400.0, 48478.0]","[41400.0, 48420.0]","[40800.0, 52196.0]",True,False,delivery_complete,delivery_complete,7678,7078.0,7020.0,7678.0,600.0,300.0,6.2,7,3,0.5966666666666667,600.0,delivery
K300_4,300,extreme,7,3.48,5.4629,21.16,2.42,174,1.161,1.922,43,33.333,0,0.0,9,1.121,11,1.868,0.0,8,1.201,9,1.976,0.0,8,1.178,10,1.916,0.0,9,1.239,10,2.049,98.14999999999998,97.0,7,7,14,5.89,268,6,26,16,4.497,0.0,0.0,45,12.012,5.136,18,3.311,121.2,0.4733,EV3|EV4,0.0,0.0,1.209,1.983,0.14,42.82666666666667,delivery,0.0,899.0,269688.2,269688.2,269491.5,38.17199184228416,45.43023255813954,300,300,0,0.0,1552.4,2351.35,0,1.1207968352641988,364,364,232,132,False,0.8833029434748633,0.8968635207685787,0.8966942148760331,32.96551724137931,44.96212121212121,37.315934065934066,85.89999999999998,99.44999999999999,91.0,0,1.2010454930771404,362,363,239,124,False,0.8758791351914561,0.9018084204577564,0.9009689370190938,37.12133891213389,43.016129032258064,39.13498622589532,98.0,92.85,97.0,0,1.1785815202034473,364,364,237,127,True,0.8741859859338369,0.9143825939530941,0.914220575662582,34.50210970464135,43.330708661417326,37.582417582417584,85.99999999999994,88.09999999999997,88.5499999999999,0,1.2387680135631534,380,380,247,133,True,0.8705392029174264,0.9044927945747386,0.9051011684240524,32.43724696356275,50.150375939849624,38.636842105263156,92.39999999999998,99.0,97.0,34.33613445378151,952,3,955,51.97286821705426,38.8875968992248,269688.2,258,42,300,283.44,367.05,48478.0,40800.0,"[41400.0, 48478.0]","[41400.0, 48418.0]","[40800.0, 52196.0]",True,False,delivery_complete,delivery_complete,7678,7078.0,7018.0,7678.0,600.0,300.0,5.6,8,3,0.5683333333333334,600.0,delivery
K300_4,300,extreme,2026,3.48,5.4875,21.16,2.53,173,1.151,1.715,39,33.333,0,0.0,9,1.153,11,1.747,0.0,10,1.149,10,1.683,0.0,8,1.111,8,1.727,0.0,8,1.166,9,1.724,89.75,86.75,3,3,12,5.977,272,3,25,17,4.092,0.0,0.0,41,11.424,5.069,14,2.79,120.6,0.4333,EV3|EV4,0.0,0.0,1.138,1.726,0.18,42.92666666666667,delivery,0.0,863.5,259052.5,259052.5,258729.2,34.841958041958044,40.46544715447155,300,300,0,0.0,1544.6733333333334,2331.8,0,1.1533071748878925,359,360,246,114,False,0.8574198552223371,0.8658912556053812,0.8640238704177323,31.764227642276424,42.91228070175438,35.294444444444444,94.75,98.39999999999998,97.05000000000001,0,1.1489630044843049,354,355,225,130,False,0.8390641158221303,0.8534192825112108,0.8513782324524013,31.613333333333333,39.46923076923077,34.49014084507042,91.0,81.1,86.60000000000002,0,1.110706278026906,353,353,230,123,True,0.8444932781799379,0.8787836322869955,0.8770957658425689,32.16086956521739,40.41463414634146,35.036827195467424,83.0,80.0,82.39999999999998,0,1.1652186098654709,361,362,237,125,True,0.8663391933815926,0.8881726457399103,0.8868996874111964,32.029535864978904,39.32,34.54696132596685,82.79999999999995,85.6,85.89999999999998,31.909967845659164,933,9,942,46.548780487804876,34.38211382113821,259052.5,246,54,300,271.78,361.1,48536.0,40800.0,"[41400.0, 48536.0]","[41400.0, 48438.0]","[40800.0, 52196.0]",True,False,delivery_complete,delivery_complete,7736,7136.0,7038.0,7736.0,600.0,300.0,6.4,13,4,0.6075,600.0,delivery
K300_5,300,extreme,42,3.1,2.5459,17.23,1.89,154,1.298,2.126,43,33.333,0,0.0,7,1.255,8,2.041,0.0013,12,1.341,11,2.21,0.0,8,1.29,10,2.06,0.0,7,1.277,10,2.041,96.0,88.0,8,8,13,6.037,292,7,1,17,5.06,0.0,0.0,35,13.34,5.919,15,3.292,121.4,0.4233,EV3|EV4,0.0,0.0,1.283,2.05,0.1767,42.906666666666666,delivery,0.0,612.5,183742.1,183742.1,183595.4,38.467255334805,41.006072874493924,300,300,0,0.0,1591.8866666666668,2454.4500000000003,0,1.2556892067620287,337,337,230,107,False,0.9449052132701422,0.9588751625487646,0.9654889071487264,38.1,38.61682242990654,38.26409495548961,93.64999999999995,84.69999999999999,89.59999999999997,0,1.3413524057217165,348,349,216,133,False,0.9215047393364929,0.951072821846554,0.9579293344289236,36.291666666666664,44.17293233082707,39.29512893982808,95.0,94.79999999999998,95.0,0,1.2899869960988297,339,339,220,119,True,0.9272808056872038,0.9637516254876463,0.9674609695973706,37.02272727272727,40.09243697478992,38.100294985250734,86.09999999999997,92.0,88.09999999999997,0,1.276820546163849,334,334,199,135,True,0.8973637440758294,0.926853055916775,0.9370583401807724,36.54773869346734,40.58518518518518,38.17964071856287,85.19999999999999,92.89999999999996,88.34999999999997,37.05555555555556,864,1,865,46.178137651821864,35.83400809716599,183742.1,247,53,300,273.6066666666667,365.05,47576.0,40824.0,"[41424.0, 47576.0]","[41424.0, 47509.0]","[40824.0, 52187.0]",True,False,delivery_complete,delivery_complete,6752,6152.0,6085.0,6752.0,600.0,300.0,6.2,7,3,0.5966666666666667,600.0,delivery
K300_5,300,extreme,7,3.08,2.554,17.23,1.89,153,1.288,1.925,43,33.333,0,0.0,8,1.22,11,1.957,0.0,10,1.356,10,1.894,0.0,8,1.361,10,2.105,0.0,8,1.164,8,1.8,97.0,84.89999999999986,10,10,12,5.89,290,10,0,13,4.335,0.0,0.0,35,13.514,5.97,16,3.421,122.0,0.4733,EV3|EV4,0.0,0.0,1.263,1.952,0.14,42.96,delivery,0.0,620.6,186175.0,186175.0,186055.0,36.00447427293065,40.645348837209305,300,300,0,0.0,1592.27,2453.75,0,1.2200652528548124,337,338,203,135,False,0.8942050520059436,0.9109298531810767,0.9101234567901234,33.364532019704434,41.25185185185185,36.514792899408285,86.89999999999998,95.6,89.14999999999998,0,1.3556280587275693,339,339,212,127,False,0.8843982169390787,0.9151712887438825,0.9148971193415638,32.35377358490566,39.173228346456696,34.908554572271385,81.44999999999999,97.0,91.09999999999997,0,1.3615008156606851,351,352,221,131,True,0.8827637444279346,0.9300163132137031,0.9293827160493827,34.20814479638009,41.67175572519084,36.98579545454545,89.0,94.5,90.0,0,1.164110929853181,312,312,189,123,True,0.8780089153046062,0.9179445350734095,0.917201646090535,32.36507936507937,40.40650406504065,35.53525641025641,86.59999999999997,86.0,86.0,33.15309842041312,823,8,831,47.47286821705426,33.81782945736434,186175.0,258,42,300,276.19,367.15000000000003,47554.0,40824.0,"[41424.0, 47554.0]","[41424.0, 47499.0]","[40824.0, 52187.0]",True,False,delivery_complete,delivery_complete,6730,6130.0,6075.0,6730.0,600.0,300.0,5.6,8,3,0.5683333333333334,600.0,delivery
K300_5,300,extreme,2026,3.04,2.5233,17.23,1.95,151,1.216,1.852,39,33.333,0,0.0,9,1.172,9,1.8,0.0,9,1.259,9,1.903,0.0,9,1.198,10,1.908,0.0,8,1.229,8,2.023,104.75,86.5,9,9,10,5.977,291,9,0,16,4.279,0.0,0.0,35,13.538,6.011,13,3.356,121.8,0.4333,EV3|EV4,0.0,0.0,1.213,1.966,0.18,43.04666666666667,delivery,0.0,614.6,184388.3,184388.3,184323.9,36.291441788743256,41.46138211382114,300,300,0,0.0,1591.0166666666667,2502.15,0,1.1725896676538334,326,326,196,130,False,0.8965259059598683,0.9103323461665022,0.9125330687830688,31.836734693877553,38.23076923076923,34.38650306748466,89.0,87.1,88.75,0,1.2589667653833498,325,325,199,126,False,0.8739143456124588,0.8942086212569924,0.8936838624338624,32.959798994974875,41.142857142857146,36.13230769230769,90.1,98.75,94.0,0,1.1982560052648898,324,324,195,129,True,0.839622641509434,0.8794011187890753,0.8837632275132276,33.97435897435897,39.29457364341085,36.092592592592595,86.0,84.6,85.84999999999997,0,1.228035538005923,321,322,215,107,True,0.9055106319257262,0.935011516946364,0.9346891534391535,33.70697674418604,48.373831775700936,38.58074534161491,86.29999999999998,108.69999999999999,101.79999999999995,33.157960199004975,804,5,809,48.99186991869919,33.93089430894309,184388.3,246,54,300,274.3233333333333,372.05,47502.0,40824.0,"[41424.0, 47502.0]","[41424.0, 47472.0]","[40824.0, 52187.0]",True,False,delivery_complete,delivery_complete,6678,6078.0,6048.0,6678.0,600.0,300.0,6.4,13,4,0.6075,600.0,delivery
K300_6,300,extreme,42,3.27,4.1293,18.89,1.7666666666666666,147,1.203,1.947,43,33.333,0,0.0,6,1.112,7,1.856,0.0,7,1.294,7,2.038,0.0,8,1.353,9,2.108,0.0,9,1.177,11,1.956,89.69999999999999,82.0,12,12,9,6.037,279,12,9,17,4.697,0.0,0.0,33,12.772,5.64,16,3.261,122.4,0.4233,EV3|EV4,0.0,0.0,1.265,2.032,0.1767,42.81333333333333,delivery,0.0,901.0,270293.9,270293.9,270190.6,37.664996420901936,42.983805668016196,300,300,0,0.0,1658.44,2518.3,0,1.1125960061443931,336,336,226,110,False,0.9281293952180029,0.9397849462365592,0.9394874961407842,33.889380530973455,43.07272727272727,36.895833333333336,80.75,83.1,82.0,0,1.2938556067588325,348,348,236,112,False,0.9088607594936708,0.9356374807987711,0.9353195430688485,36.38135593220339,42.607142857142854,38.38505747126437,101.25,89.44999999999999,94.0,0,1.35284178187404,370,370,232,138,True,0.9066104078762307,0.9391705069124424,0.9408768138314294,33.48275862068966,44.92028985507246,37.74864864864865,85.0,88.60000000000002,88.0,0,1.176804915514593,342,343,209,134,True,0.8929676511954993,0.9204301075268817,0.9200370484717505,35.26794258373206,41.23134328358209,37.59766763848396,89.19999999999999,87.0,88.0,34.746119733924616,902,4,906,48.36032388663968,37.607287449392715,270293.9,247,53,300,277.2,367.20000000000005,47910.0,40800.0,"[41400.0, 47910.0]","[41400.0, 47878.0]","[40800.0, 52187.0]",True,False,delivery_complete,delivery_complete,7110,6510.0,6478.0,7110.0,600.0,300.0,6.2,7,3,0.5966666666666667,600.0,delivery
K300_6,300,extreme,7,3.3,4.1192,18.89,1.7333333333333334,147,1.268,2.032,43,33.333,0,0.0025,15,1.318,16,2.026,0.0,8,1.217,13,2.038,0.0,8,1.222,10,1.989,0.0,7,1.229,10,1.863,96.29999999999995,89.0,16,16,12,5.89,275,16,9,17,4.641,0.0,0.0,32,12.843,5.663,14,3.275,123.2,0.4733,EV3|EV4,0.0,0.0,1.226,1.926,0.14,42.86,delivery,0.0,908.3,272487.6,272487.6,272341.0,37.37063435495367,41.41472868217054,300,300,0,0.0,1659.3633333333332,2579.9,0,1.3186206896551724,376,376,236,140,False,0.9030175438596492,0.9195402298850575,0.9189814814814815,34.15677966101695,39.385714285714286,36.10372340425532,85.25,91.04999999999998,89.25,0,1.2167049808429118,351,352,223,129,False,0.8849122807017544,0.9138697318007662,0.9132716049382716,34.55156950672646,45.093023255813954,38.41477272727273,89.0,94.0,92.0,0,1.2226819923371648,335,335,222,113,True,0.8753684210526316,0.919080459770115,0.9185185185185185,36.41891891891892,44.008849557522126,38.97910447761194,90.0,89.79999999999998,90.30000000000001,0,1.2288122605363985,340,340,206,134,True,0.8816842105263157,0.9195402298850575,0.9189814814814815,35.0,37.80597014925373,36.10588235294118,93.5,95.0,95.0,35.050790067720094,886,5,891,49.333333333333336,33.49612403100775,272487.6,258,42,300,279.38666666666666,369.05,47925.0,40800.0,"[41400.0, 47925.0]","[41400.0, 47880.0]","[40800.0, 52187.0]",True,False,delivery_complete,delivery_complete,7125,6525.0,6480.0,7125.0,600.0,300.0,5.6,8,3,0.5683333333333334,600.0,delivery
K300_6,300,extreme,2026,3.27,4.0807,18.89,1.7666666666666666,148,1.131,1.788,39,33.333,0,0.0,7,1.124,9,1.687,0.0,8,1.139,9,1.889,0.0,8,1.162,9,1.834,0.0,10,1.2,11,1.784,98.25,85.75,19,19,12,5.977,272,19,9,15,4.032,0.0,0.0,33,12.725,5.702,13,3.162,123.8,0.4333,EV3|EV4,0.0,0.0,1.181,1.809,0.18,42.96666666666667,delivery,0.0,895.5,268661.3,268661.3,268531.3,35.561194029850746,41.863821138211385,300,300,0,0.0,1659.9566666666667,2516.2,0,1.1237714987714988,335,336,217,119,False,0.9017154105736783,0.9150798525798526,0.9145550061804697,32.87096774193548,34.63025210084034,33.49404761904762,93.19999999999999,85.69999999999996,92.0,0,1.1385135135135136,336,336,207,129,False,0.8487064116985377,0.8653255528255528,0.8644932014833128,32.89855072463768,44.36434108527132,37.30059523809524,77.69999999999999,93.6,89.25,0,1.1618550368550369,335,335,211,124,True,0.8654386951631046,0.9049447174447175,0.9105377008652658,31.274881516587676,43.88709677419355,35.94328358208955,85.5,84.85,85.30000000000001,0,1.1991707616707616,332,333,213,120,True,0.8475815523059618,0.8697788697788698,0.8716007416563659,30.577464788732396,44.25833333333333,35.507507507507505,79.19999999999993,109.1,87.39999999999998,31.995266272189347,845,3,848,48.39837398373984,35.329268292682926,268661.2,246,54,300,276.25,357.30000000000007,47912.0,40800.0,"[41400.0, 47912.0]","[41400.0, 47872.0]","[40800.0, 52187.0]",True,False,delivery_complete,delivery_complete,7112,6512.0,6472.0,7112.0,600.0,300.0,6.4,13,4,0.6075,600.0,delivery
K300_7,300,extreme,42,3.09,4.2717,17.58,1.89,158,1.309,2.16,43,33.333,0,0.0016,12,1.342,14,2.271,0.0,8,1.276,12,2.05,0.0,8,1.28,9,2.043,0.0,7,1.294,8,1.908,100.69999999999999,93.69999999999999,5,5,10,6.037,278,3,19,15,4.574,0.0,0.0,37,13.821,5.934,19,3.697,120.6,0.4233,EV3|EV4,0.0,0.0,1.287,1.975,0.1767,42.74666666666667,delivery,0.0,681.3,204391.8,204391.8,204256.8,37.84587020648968,45.6336032388664,300,300,0,0.0,1503.3833333333334,2349.55,0,1.3426837270341208,348,349,231,118,False,0.927120669056153,0.9394685039370079,0.9414004303923191,36.39393939393939,48.932203389830505,40.63323782234957,93.0,93.59999999999997,93.0,0,1.2764107611548556,346,347,215,132,False,0.9169653524492234,0.9463582677165354,0.9458698890912101,31.813953488372093,43.75757575757576,36.357348703170025,90.89999999999995,98.44999999999999,95.0,0,1.2798556430446195,326,326,198,128,True,0.9047192353643967,0.9393044619422573,0.9465320311206754,33.72222222222222,47.0078125,38.938650306748464,94.59999999999991,97.94999999999997,97.5,0,1.2937992125984252,334,334,218,116,True,0.9091995221027479,0.9401246719160105,0.9400761463333885,31.431192660550458,42.89655172413793,35.41317365269461,90.14999999999998,93.25,91.34999999999997,33.448837209302326,860,2,862,51.178137651821864,40.08906882591093,204391.8,247,53,300,280.88666666666666,380.05,47502.0,40806.0,"[41406.0, 47502.0]","[41406.0, 47447.0]","[40806.0, 52182.0]",True,False,delivery_complete,delivery_complete,6696,6096.0,6041.0,6696.0,600.0,300.0,6.2,7,3,0.5966666666666667,600.0,delivery
K300_7,300,extreme,7,1.71,4.277,17.58,1.89,159,1.254,2.017,43,33.333,0,0.0,9,1.245,10,2.038,0.0,11,1.262,12,1.995,0.0,9,1.289,13,1.974,0.0053,15,1.228,13,2.012,90.0,92.29999999999995,6,6,12,5.89,277,5,18,17,4.38,0.0,0.0,38,13.801,5.995,16,3.639,121.0,0.4733,EV3|EV4,0.0,0.0053,1.258,1.993,0.14,42.64666666666667,delivery,0.0,677.6,203282.5,203282.5,203200.0,37.00978179082016,42.70348837209303,300,300,0,0.0,1503.0866666666666,2305.9,0,1.2454575487281137,330,332,204,128,False,0.8919446949203487,0.9086554344235216,0.9081395348837209,34.42156862745098,43.96875,38.102409638554214,87.69999999999999,94.0,92.0,0,1.261975553353155,336,336,197,139,False,0.8763149984971446,0.9066732738685167,0.9066445182724252,31.431472081218274,43.94964028776978,36.61011904761905,84.19999999999999,90.1,87.0,0,1.2887347208457218,331,333,202,131,True,0.8748121430718365,0.9218698381235547,0.9214285714285714,34.28217821782178,38.6793893129771,36.012012012012015,86.0,91.0,90.0,0,1.2281136438718203,328,328,210,118,True,0.8680492936579501,0.9074991740997688,0.9069767441860465,33.39047619047619,44.33050847457627,37.326219512195124,85.64999999999995,88.0,87.64999999999998,33.3490099009901,808,10,818,45.85271317829457,39.554263565891475,203282.5,258,42,300,278.55333333333334,374.0,47460.0,40806.0,"[41406.0, 47460.0]","[41406.0, 47426.0]","[40806.0, 52182.0]",True,False,delivery_complete,delivery_complete,6654,6054.0,6020.0,6654.0,600.0,300.0,5.6,8,3,0.5683333333333334,600.0,delivery
K300_7,300,extreme,2026,2.05,4.2777,17.58,1.89,158,1.281,1.915,39,33.333,0,0.0,10,1.235,10,2.011,0.0,10,1.328,11,1.819,0.0,10,1.185,11,2.002,0.0,9,1.213,10,2.073,106.0,90.0,7,7,11,5.977,276,5,19,16,4.399,0.0,0.0,37,13.735,5.985,18,3.507,121.0,0.4333,EV3|EV4,0.0,0.0,1.199,2.038,0.18,42.8,delivery,0.0,673.5,202037.4,202037.4,201942.4,37.535493827160494,43.22560975609756,300,300,0,0.0,1500.39,2322.8,0,1.2354881266490765,330,330,194,136,False,0.8936074429771909,0.9071569920844327,0.9065560165975104,33.871134020618555,43.088235294117645,37.66969696969697,97.09999999999997,97.75,98.65000000000003,0,1.3275065963060686,333,333,206,127,False,0.878001200480192,0.8987467018469657,0.9012448132780083,29.538834951456312,40.77952755905512,33.825825825825824,81.75,101.0,92.39999999999998,0,1.1850263852242744,308,309,199,110,True,0.8835534213685474,0.9277704485488126,0.9273029045643153,36.58793969849246,44.663636363636364,39.46278317152104,109.19999999999999,102.64999999999999,106.39999999999986,0,1.212401055408971,323,324,205,119,True,0.8551920768307323,0.8797823218997362,0.8790041493775934,36.302439024390246,44.66386554621849,39.373456790123456,98.79999999999998,99.0,99.0,34.091022443890274,802,6,808,51.49593495934959,34.95528455284553,202037.4,246,54,300,277.68333333333334,373.05,47470.0,40806.0,"[41406.0, 47470.0]","[41406.0, 47431.0]","[40806.0, 52182.0]",True,False,delivery_complete,delivery_complete,6664,6064.0,6025.0,6664.0,600.0,300.0,6.4,13,4,0.6075,600.0,delivery
K300_8,300,extreme,42,2.12,8.8739,17.28,2.19,178,1.235,2.078,43,33.333,0,0.0,8,1.23,10,2.055,0.0019,14,1.24,13,2.101,0.0,8,1.262,12,2.15,0.0016,12,1.368,12,2.036,94.69999999999999,92.69999999999999,17,17,11,6.037,275,11,14,16,4.702,0.0,0.0,49,13.663,5.881,20,3.639,122.2,0.4233,EV3|EV4,0.0,0.0016,1.315,2.093,0.1767,42.96666666666667,delivery,0.0,773.9,232162.9,232162.9,232037.9,38.805433186490454,45.927125506072876,300,300,0,0.0,1542.84,2415.000000000001,0,1.2297449061447137,337,338,218,120,False,0.926240304405093,0.9382319910155623,0.9414902214320349,35.178899082568805,45.416666666666664,38.81360946745562,88.44999999999993,97.14999999999999,93.14999999999998,0,1.2401732712979303,347,348,229,119,False,0.902239133616274,0.9295684261190438,0.9292064005172135,35.16593886462882,43.27731092436975,37.939655172413794,79.0,90.1,83.0,0,1.261671747152254,333,333,208,125,True,0.8998975559783404,0.9332584630194128,0.9401971876515274,37.1875,47.272,40.972972972972975,90.0,88.8,89.39999999999998,0,1.3678806353280923,343,343,213,130,True,0.8818966778867262,0.9095138777474732,0.9162760627121384,31.492957746478872,47.53076923076923,37.57142857142857,92.0,97.19999999999999,93.0,34.79445727482679,866,6,872,51.11740890688259,40.73684210526316,232162.9,247,53,300,283.9266666666667,381.0,47642.0,40809.0,"[41409.0, 47642.0]","[41409.0, 47596.0]","[40809.0, 52194.0]",True,False,delivery_complete,delivery_complete,6833,6233.0,6187.0,6833.0,600.0,300.0,6.2,7,3,0.5966666666666667,600.0,delivery
K300_8,300,extreme,7,2.62,8.928,17.28,2.19,179,1.334,2.295,43,33.333,0,0.0019,13,1.311,11,2.058,0.0,10,1.357,13,2.532,0.0,11,1.229,10,1.8,0.0,11,1.215,11,1.837,109.14999999999998,99.0,16,16,13,5.89,276,12,12,15,4.573,0.0,0.0,48,13.654,5.874,18,3.654,122.4,0.4733,EV3|EV4,0.0,0.0,1.222,1.819,0.14,42.78666666666667,delivery,0.0,777.6,233280.4,233280.4,233180.4,38.265007320644216,44.26744186046512,300,300,0,0.0,1539.95,2411.05,0,1.31088,349,351,222,129,False,0.8855474452554745,0.90112,0.9005311443746982,32.63513513513514,46.37984496124031,37.686609686609685,103.94999999999999,108.19999999999999,105.0,0,1.35664,350,354,227,127,False,0.8767883211678832,0.90624,0.9056816352808628,40.903083700440526,53.07874015748032,45.271186440677965,107.0,120.39999999999998,111.0,0,1.22912,326,327,204,123,True,0.8532846715328467,0.8968,0.8961854176726219,32.490196078431374,38.41463414634146,34.718654434250766,94.69999999999999,90.79999999999998,92.69999999999999,0,1.2144,333,334,197,137,True,0.8557664233576643,0.8928,0.8921615966521809,31.82741116751269,39.36496350364963,34.91916167664671,79.19999999999999,88.39999999999998,87.0,34.71224732461356,841,12,853,50.15503875968992,38.37984496124031,233280.4,258,42,300,284.5,392.1,47659.0,40809.0,"[41409.0, 47659.0]","[41409.0, 47622.0]","[40809.0, 52194.0]",True,False,delivery_complete,delivery_complete,6850,6250.0,6213.0,6850.0,600.0,300.0,5.6,8,3,0.5683333333333334,600.0,delivery
K300_8,300,extreme,2026,2.43,8.8741,17.28,2.25,177,1.139,1.897,39,33.333,0,0.0016,12,1.158,13,2.0,0.0,7,1.12,9,1.794,0.0,10,1.2,11,2.057,0.0,11,1.286,11,1.857,96.0,88.0,17,17,12,5.977,275,10,15,15,4.178,0.0,0.0,49,13.439,5.849,21,3.531,122.0,0.4333,EV3|EV4,0.0,0.0,1.243,1.957,0.18,43.06666666666667,delivery,0.0,763.4,229013.9,229013.9,228813.9,37.20333839150228,44.90650406504065,300,300,0,0.0,1540.7833333333333,2387.0500000000006,0,1.1582227904746685,319,320,215,105,False,0.8646638471634825,0.8750199776250599,0.8735446313065977,35.78139534883721,48.476190476190474,39.946875,96.59999999999997,95.8,96.10000000000002,0,1.1193862873581588,322,324,198,126,False,0.8815808662680472,0.9020297267060892,0.901843467011643,31.02020202020202,42.166666666666664,35.35493827160494,77.59999999999991,91.75,87.84999999999997,0,1.1997762505993288,328,328,200,128,True,0.846142627971416,0.885408342656225,0.8855109961190168,34.77,46.9765625,39.53353658536585,87.0,93.29999999999998,88.64999999999998,0,1.285120664855362,345,346,213,133,True,0.8710806475134899,0.896435991689308,0.9052393272962483,28.877934272300468,42.69172932330827,34.1878612716763,81.0,86.79999999999998,84.0,32.709245742092456,822,4,826,50.82520325203252,38.98780487804878,229013.9,246,54,300,280.33,369.05,47666.0,40809.0,"[41409.0, 47666.0]","[41409.0, 47593.0]","[40809.0, 52194.0]",True,False,delivery_complete,delivery_complete,6857,6257.0,6184.0,6857.0,600.0,300.0,6.4,13,4,0.6075,600.0,delivery
